Date,Open,High,Low,Close,Volume,Dividends,Stock Splits,Tommorw_Close,roc_7,rsi_7,ema_7,sma_7,squeeze,cci,rma,atr,Benefit
2023-07-26 00:00:00+00:00,29225.759765625,29675.552734375,29113.912109375,29354.97265625,13497554655,0.0,0.0,29210.689453125,,,,,,,,,-1
2023-07-27 00:00:00+00:00,29353.798828125,29560.966796875,29099.3515625,29210.689453125,10770779217,0.0,0.0,29319.24609375,,,,,,,,,-1
2023-07-28 00:00:00+00:00,29212.1640625,29521.513671875,29125.845703125,29319.24609375,11218474952,0.0,0.0,29356.91796875,,,,,,,,,1
2023-07-29 00:00:00+00:00,29319.4453125,29396.84375,29264.166015625,29356.91796875,6481775959,0.0,0.0,29275.30859375,,,,,,,,,-1
2023-07-30 00:00:00+00:00,29357.09375,29443.169921875,29059.501953125,29275.30859375,8678454527,0.0,0.0,29230.111328125,,,,,,,,,-1
2023-07-31 00:00:00+00:00,29278.314453125,29489.873046875,29131.578125,29230.111328125,11656781982,0.0,0.0,29675.732421875,,,,,,,,,1
2023-08-01 00:00:00+00:00,29230.873046875,29675.732421875,28657.0234375,29675.732421875,18272392391,0.0,0.0,29151.958984375,,,29346.139787946428,29346.139787946428,,40.79729834493577,29370.207335133797,,-1
2023-08-02 00:00:00+00:00,29704.146484375,29987.998046875,28946.509765625,29151.958984375,19212655598,0.0,0.0,29178.6796875,-0.6915818803591225,40.47188354073414,29297.594587053572,29317.137834821428,,106.97316193958765,29326.210086164912,618.375342173321,-1
2023-08-03 00:00:00+00:00,29161.8125,29375.70703125,28959.48828125,29178.6796875,12780357746,0.0,0.0,29074.091796875,-0.10958236941434311,42.08657307458933,29267.865862165178,29312.565011160714,,-167.18060116658054,29298.118994545774,577.622072397731,-1
2023-08-04 00:00:00+00:00,29174.3828125,29302.078125,28885.3359375,29074.091796875,12036639988,0.0,0.0,29042.126953125,-0.8361548454933146,37.44808148042739,29219.422345842635,29277.54296875,,-151.4750962597401,29257.398561952832,546.9891206316115,-1
2023-08-05 00:00:00+00:00,29075.388671875,29102.46484375,28957.796875,29042.126953125,6598366353,0.0,0.0,29041.85546875,-1.0722890460098378,36.03209001841634,29175.098497663224,29232.572823660714,,-118.32137570159348,29219.73502327906,473.86098477917335,-1
2023-08-06 00:00:00+00:00,29043.701171875,29160.822265625,28963.833984375,29041.85546875,7269806994,0.0,0.0,29180.578125,-0.7974403557605538,36.01859489466509,29141.78774043492,29199.22237723214,,-76.18167025245768,29189.581493037185,425.41982788968323,1
2023-08-07 00:00:00+00:00,29038.513671875,29244.28125,28724.140625,29180.578125,13618163710,0.0,0.0,29765.4921875,-0.16945950895965117,47.69655657437811,29151.48533657619,29192.14620535714,,-62.38920330582645,29188.094904636702,441.47657161024114,1
2023-08-08 00:00:00+00:00,29180.01953125,30176.796875,29113.814453125,29765.4921875,17570561357,0.0,0.0,29561.494140625,0.30246857718273196,72.44071461436175,29304.987049307143,29204.96902901786,,176.08830935093644,29281.35592073899,544.0963227989911,1
2023-08-09 00:00:00+00:00,29766.6953125,30093.435546875,29376.80078125,29561.494140625,18379521213,0.0,0.0,29429.591796875,1.4048289395217128,60.74710206490328,29369.113822136605,29263.474051339286,,115.56407497546462,29325.774784307996,571.9646744040854,-1
2023-08-10 00:00:00+00:00,29563.97265625,29688.564453125,29354.447265625,29429.591796875,11865344789,0.0,0.0,29397.71484375,0.8599159114196983,54.152917124891715,29384.233315821206,29299.31863839286,,46.986284498532925,29341.981563192297,534.2514517123655,-1
2023-08-11 00:00:00+00:00,29424.90234375,29517.7734375,29253.517578125,29397.71484375,10195168197,0.0,0.0,29415.96484375,1.1130976992711576,52.54473279095914,29387.603697803403,29345.55050223214,,13.051047063124159,29350.568244441543,492.1026867214329,-1
2023-08-12 00:00:00+00:00,29399.787109375,29465.11328125,29357.587890625,29415.96484375,6194358008,0.0,0.0,29282.9140625,1.287226280734835,53.46773141091868,29394.693984290054,29398.955915178572,167.26497395833334,6.245803295930143,29360.532031473394,432.8518652332096,-1
2023-08-13 00:00:00+00:00,29416.59375,29441.43359375,29265.806640625,29282.9140625,7329897180,0.0,0.0,29408.443359375,0.8300385421633513,45.878059256938734,29366.74900384254,29433.39285714286,130.86100260416666,-43.76901036743237,29348.817518206488,393.661230389276,-1
2023-08-14 00:00:00+00:00,29283.263671875,29660.25390625,29124.10546875,29408.443359375,14013695304,0.0,0.0,29170.34765625,0.7808797803761813,53.191626604896726,29377.172592725656,29465.94503348214,81.14127604166667,-49.62744749883168,29357.744540258773,415.1661512232041,-1
2023-08-15 00:00:00+00:00,29408.048828125,29439.12109375,29088.853515625,29170.34765625,12640195779,0.0,0.0,28701.779296875,-1.999444616944485,40.94731042409478,29325.46635860674,29380.924386160714,39.3779296875,-131.22177439732062,29329.87914015531,405.449709796873,-1
2023-08-16 00:00:00+00:00,29169.07421875,29221.9765625,28701.779296875,28701.779296875,14949271904,0.0,0.0,26664.55078125,-2.908225273256853,26.788903438394126,29169.544593173807,29258.107979910714,-34.786458333333336,-200.04866464981475,29237.024704037765,422.5123550535329,-1
2023-08-17 00:00:00+00:00,28699.802734375,28745.947265625,25409.111328125,26664.55078125,31120851211,0.0,0.0,26049.556640625,-9.395444675921762,9.727655845014242,28543.296140192855,28863.102120535714,-451.4501953125,-226.03846962712126,28858.609180018895,853.3481143793977,-1
2023-08-18 00:00:00+00:00,26636.078125,26808.1953125,25668.921875,26049.556640625,24026236529,0.0,0.0,26096.205078125,-11.389178447782731,7.945468417478685,27919.86126530089,28384.793805803572,-981.1422526041666,-139.85357332592778,28447.139063831404,895.4082418001235,-1
2023-08-19 00:00:00+00:00,26047.83203125,26249.44921875,25802.408203125,26096.205078125,10631443812,0.0,0.0,26189.583984375,-11.2855715706036,9.4141194060292,27463.947218506917,27910.542410714286,-1429.7347005208333,-94.13184155549352,28104.017263239628,829.7313945138326,1
2023-08-20 00:00:00+00:00,26096.861328125,26260.681640625,26004.314453125,26189.583984375,9036580420,0.0,0.0,26124.140625,-10.563600574460416,12.668026687048856,27145.356409973938,27468.638113839286,-2068.466796875,-66.8443722365961,27825.46517066389,746.0481604027956,1
2023-08-21 00:00:00+00:00,26188.69140625,26220.201171875,25846.087890625,26124.140625,13371557893,0.0,0.0,26031.65625,-11.16789043962781,12.306578879748207,26890.052463730455,26999.452008928572,-2639.9703776041665,-59.15943243214214,27578.5733911667,691.9312371160477,-1
2023-08-22 00:00:00+00:00,26130.748046875,26135.5078125,25520.728515625,26031.65625,14503820706,0.0,0.0,26431.640625,-10.759869725369928,11.753662553449923,26675.453410297843,26551.067522321428,-3144.2408854166665,-61.86193301756235,27354.595058014183,680.7351488292358,1
2023-08-23 00:00:00+00:00,26040.474609375,26786.8984375,25804.998046875,26431.640625,16985265785,0.0,0.0,26162.373046875,-7.909400488359858,28.061761062277334,26614.500213973384,26226.76199776786,-3242.3238932291665,31.390297896293877,27221.218181877335,724.3409031814148,1
2023-08-24 00:00:00+00:00,26431.51953125,26554.91015625,25914.92578125,26162.373046875,12871532023,0.0,0.0,26047.66796875,-1.8833159369334724,24.50503947789854,26501.468422198788,26155.022321428572,-3285.8727213541665,52.67486004890519,27068.456247413502,712.150474479704,-1
2023-08-25 00:00:00+00:00,26163.6796875,26248.103515625,25786.8125,26047.66796875,12406045118,0.0,0.0,26008.462890625,-0.007250303339345762,23.052907698288298,26388.018308836592,26154.752511160714,-3311.0182291666665,-47.19367803309822,26921.392965324714,675.9584243428242,-1
2023-08-26 00:00:00+00:00,26047.234375,26107.384765625,25983.87890625,26008.462890625,6034817316,0.0,0.0,26089.693359375,-0.3362258506067206,22.520750488235667,26293.129454283695,26142.217912946428,-3281.6969401041665,-41.609574248049256,26790.02774699068,596.3674953512503,1
2023-08-27 00:00:00+00:00,26008.2421875,26165.373046875,25965.09765625,26089.693359375,6913768611,0.0,0.0,26106.150390625,-0.38141356143570615,26.615630958246893,26242.27043055652,26127.947823660714,-3222.2470703125,-11.955045934870624,26689.35817238038,539.372192797694,1
2023-08-28 00:00:00+00:00,26089.615234375,26198.578125,25880.599609375,26106.150390625,11002805166,0.0,0.0,27727.392578125,-0.06886440642485249,27.52104468169348,26208.24042057364,26125.377790178572,-3088.529296875,-19.14851168495204,26605.59932992868,507.5479561237464,1
2023-08-29 00:00:00+00:00,26102.486328125,28089.337890625,25912.62890625,27727.392578125,29368391712,0.0,0.0,27297.265625,6.514131532160962,70.02566970007167,26588.02845996148,26367.625837053572,-2417.0432942708335,220.2920318813039,26766.586062453942,747.2686868228793,1
2023-08-30 00:00:00+00:00,27726.083984375,27760.16015625,27069.20703125,27297.265625,16343655235,0.0,0.0,25931.47265625,3.2749575112687506,59.267541240963325,26765.33775122111,26491.286551339286,-1666.8264973958333,125.47341271389574,26842.69346312462,739.1869317376471,-1
2023-08-31 00:00:00+00:00,27301.9296875,27456.078125,25752.9296875,25931.47265625,20181001451,0.0,0.0,25800.724609375,-0.8825666930568449,37.77086264958281,26556.87147747833,26458.30078125,-1155.07421875,-10.427436141717942,26712.08360568112,877.433455116431,-1
2023-09-01 00:00:00+00:00,25934.021484375,26125.869140625,25362.609375,25800.724609375,17202862221,0.0,0.0,25868.798828125,-0.9480440232548409,36.30037073744573,26367.834760452497,26423.02315848214,-653.220703125,-85.86376735929768,26581.516336662622,861.0683664400418,-1
2023-09-02 00:00:00+00:00,25800.91015625,25970.28515625,25753.09375,25868.798828125,10100387473,0.0,0.0,25969.56640625,-0.5369946816439631,37.77195832403978,26243.07577737062,26403.071149553572,-182.33528645833334,-67.63495619115753,26479.449538395475,768.8223288009877,1
2023-09-03 00:00:00+00:00,25869.47265625,26087.1484375,25817.03125,25969.56640625,8962524523,0.0,0.0,25812.416015625,-0.46043834808749834,40.159385854303615,26174.698434590464,26385.91015625,239.92122395833334,-52.551754367023136,26406.455836244862,697.4037983983925,-1
2023-09-04 00:00:00+00:00,25968.169921875,26081.525390625,25657.025390625,25812.416015625,10680635106,0.0,0.0,25779.982421875,-1.1251539219872233,37.53898335974771,26084.127829849098,26343.948102678572,-40.423177083333336,-59.349767298107274,26321.440008256573,658.3355152562472,-1
2023-09-05 00:00:00+00:00,25814.95703125,25858.375,25589.98828125,25779.982421875,11094740040,0.0,0.0,25753.236328125,-7.023416106519775,36.9583264003796,26008.091477855574,26065.746651785714,-312.1064453125,-61.21736825868277,26243.969423451916,602.5281120195041,-1
2023-09-06 00:00:00+00:00,25783.931640625,25953.015625,25404.359375,25753.236328125,12752705327,0.0,0.0,26240.1953125,-5.65635151185587,36.41639273270913,25944.37769042293,25845.171037946428,-333.7229817708333,-81.18635436156703,26173.771882305435,594.8202420770821,1
2023-09-07 00:00:00+00:00,25748.3125,26409.302734375,25608.201171875,26240.1953125,11088307100,0.0,0.0,25905.654296875,1.1905326795066986,51.517204628982824,26018.332095942198,25889.274274553572,-230.291015625,155.44149593784252,26183.27170982628,624.3280164987186,1
2023-09-08 00:00:00+00:00,26245.208984375,26414.005859375,25677.48046875,25905.654296875,10817356400,0.0,0.0,25895.677734375,0.4066927928910669,43.278943351550325,25990.1626461754,25904.264229910714,-218.4072265625,68.52172296358492,26143.57351690261,640.37439801454,-1
2023-09-09 00:00:00+00:00,25905.42578125,25921.9765625,25810.494140625,25895.677734375,5481314132,0.0,0.0,25832.2265625,0.10390473260311103,43.039485715261335,25966.5414182253,25908.104073660714,-243.1376953125,-7.317027289741883,26108.130322915236,564.7449355778499,-1
2023-09-10 00:00:00+00:00,25895.2109375,25978.130859375,25640.26171875,25832.2265625,7899553047,0.0,0.0,25162.654296875,-0.5288491983329645,41.34221434330623,25932.962704293976,25888.48409598214,-455.7945963541667,-33.218188018612466,26068.68735050928,532.3070992840535,-1
2023-09-11 00:00:00+00:00,25831.71484375,25883.947265625,24930.296875,25162.654296875,14600006467,0.0,0.0,25833.34375,-2.51724487299709,27.83051329530143,25740.38560243923,25795.660993303572,-747.8313802083334,-179.72850212937792,25939.17483147616,592.5419862199349,1
2023-09-12 00:00:00+00:00,25160.658203125,26451.939453125,25133.078125,25833.34375,18657279324,0.0,0.0,26228.32421875,0.2069874496102119,47.77641867823524,25763.625139329422,25803.284040178572,-715.1142578125,1.7220161052361436,25924.048174143252,696.3654032744023,1
2023-09-13 00:00:00+00:00,25837.5546875,26376.11328125,25781.123046875,26228.32421875,13072077070,0.0,0.0,26539.673828125,1.8447696614586593,56.11056404411374,25879.799909184567,25871.153738839286,-682.4697265625,97.08213265045953,25967.535725056332,681.875638825076,1
2023-09-14 00:00:00+00:00,26228.27734375,26774.623046875,26171.451171875,26539.673828125,13811359124,0.0,0.0,26608.693359375,1.1412968236647916,61.72751436632075,26044.768388919674,25913.936383928572,-539.9840494791666,155.85651019852725,26049.301237846787,670.6271886198759,1
2023-09-15 00:00:00+00:00,26533.818359375,26840.498046875,26240.701171875,26608.693359375,11479735788,0.0,0.0,26568.28125,2.713844068338423,62.95369909539906,26185.749631533505,26014.370535714286,-398.3841145833333,110.86366023318106,26129.240793490706,660.5046729489652,1
2023-09-16 00:00:00+00:00,26606.19921875,26754.76953125,26473.890625,26568.28125,7402031417,0.0,0.0,26534.1875,2.597358225276947,61.60543622267281,26281.38253615013,26110.45675223214,43.454427083333336,84.37280097472036,26191.978614888125,606.2545075766099,-1
2023-09-17 00:00:00+00:00,26567.927734375,26617.998046875,26445.07421875,26534.1875,6774210670,0.0,0.0,26754.28125,2.717384565366964,60.33362462595527,26344.583777112595,26210.736886160714,524.923828125,55.75070013255537,26240.877460859294,544.3325995374094,1
2023-09-18 00:00:00+00:00,26532.994140625,27414.734375,26415.515625,26754.28125,15615339655,0.0,0.0,27211.1171875,6.325353972385447,65.67117949864591,26447.008145334446,26438.112165178572,708.1194661458334,110.48354613459398,26314.23611310327,609.3321035643609,1
2023-09-19 00:00:00+00:00,26760.8515625,27488.763671875,26681.60546875,27211.1171875,13807690550,0.0,0.0,27132.0078125,5.333314381728072,74.10808739773859,26638.035405875835,26634.936941964286,798.6731770833334,157.55083455480658,26442.38482076442,637.5988525627281,1
2023-09-20 00:00:00+00:00,27210.228515625,27379.505859375,26864.08203125,27132.0078125,13281116604,0.0,0.0,26567.6328125,3.445449225856291,70.60251392616125,26761.528507531875,26764.034598214286,891.2529296875,101.98830494743848,26540.91744366482,620.1421663452214,-1
2023-09-21 00:00:00+00:00,27129.83984375,27152.939453125,26389.30078125,26567.6328125,13371443708,0.0,0.0,26579.568359375,0.10534788240453395,50.65784658762693,26713.054583773905,26768.028738839286,896.7242838541666,-26.112620902400415,26544.734424738446,640.6447992857321,-1
2023-09-22 00:00:00+00:00,26564.056640625,26726.078125,26495.533203125,26579.568359375,10578746709,0.0,0.0,26579.390625,-0.10945670877799203,50.99937715292733,26679.68302767418,26763.868024553572,895.3037109375,-60.99029245505491,26549.711259704447,582.0514300520638,1
2023-09-23 00:00:00+00:00,26578.556640625,26634.185546875,26520.51953125,26579.390625,7404700301,0.0,0.0,26256.826171875,0.041814428624358226,50.99324518284787,26654.609927005633,26765.455078125,1005.7255859375,-66.32352081052885,26553.95157696739,515.1317170650851,-1
2023-09-24 00:00:00+00:00,26579.373046875,26716.05859375,26221.05078125,26256.826171875,8192867686,0.0,0.0,26298.48046875,-1.0452979882086082,40.64561842819738,26555.163988222976,26725.83203125,909.4651692708334,-108.33755757693235,26511.501590079533,512.2565969580558,-1
2023-09-25 00:00:00+00:00,26253.775390625,26421.5078125,26011.46875,26298.48046875,11997833257,0.0,0.0,26217.25,-1.7036554897171832,42.40634860987491,26490.99310835473,26660.717633928572,759.3375651041666,-112.56520797955687,26481.06785024905,497.652887806682,-1
2023-09-26 00:00:00+00:00,26294.7578125,26389.884765625,26090.712890625,26217.25,9985498161,0.0,0.0,26352.716796875,-3.6524306615259214,39.725251058106174,26422.55733126605,26518.73660714286,501.2080078125,-95.18293248110324,26443.377302513534,469.2964531613798,1
2023-09-27 00:00:00+00:00,26209.498046875,26817.841796875,26111.46484375,26352.716796875,11718380997,0.0,0.0,27021.546875,-2.872220224210508,46.32753192188015,26405.097197668285,26407.409319196428,346.552734375,-12.37554706619645,26430.42512912158,503.1671480086148,1
2023-09-28 00:00:00+00:00,26355.8125,27259.5,26327.322265625,27021.546875,14079002707,0.0,0.0,26911.720703125,1.7085227942718129,67.09109086699954,26559.209617001216,26472.25418526786,297.5400390625,148.97136093250876,26514.874851684996,564.4575573491032,1
2023-09-29 00:00:00+00:00,27024.841796875,27225.9375,26721.763671875,26911.720703125,10396435377,0.0,0.0,26967.916015625,1.2496528884858473,62.461928065779965,26647.337388532163,26519.704520089286,124.33951822916667,121.62124565339084,26571.569279155203,555.8452126949607,-1
2023-09-30 00:00:00+00:00,26911.689453125,27091.794921875,26888.96875,26967.916015625,5331172801,0.0,0.0,27983.75,1.4617543197531453,63.946909862133644,26727.482045305373,26575.208147321428,89.36490885416667,88.4326811346794,26628.192093147987,505.4119970452439,1
2023-10-01 00:00:00+00:00,26967.396484375,28047.23828125,26965.09375,27983.75,9503917434,0.0,0.0,27530.78515625,6.5770471146082174,80.34496672270639,27041.54903397903,26821.911551339286,206.4443359375,149.63176110347788,26821.848650831686,587.8050534350267,1
2023-10-02 00:00:00+00:00,27976.798828125,28494.458984375,27347.787109375,27530.78515625,19793041322,0.0,0.0,27429.978515625,4.685839887077601,64.97179991048353,27163.858064546774,26997.955078125,326.64453125,126.58013794847835,26923.127727738185,667.6454087019131,-1
2023-10-03 00:00:00+00:00,27508.251953125,27667.19140625,27216.001953125,27429.978515625,11407814187,0.0,0.0,27799.39453125,4.625689252782043,61.89680546601851,27230.38817731633,27171.202008928572,513.0315755208334,45.75874108874552,26995.536474281438,636.7223863942825,1
2023-10-04 00:00:00+00:00,27429.07421875,27826.658203125,27248.10546875,27799.39453125,11143355314,0.0,0.0,27415.912109375,5.489672072621189,68.30927088254798,27372.639765799748,27377.870256696428,640.7916666666666,57.35656242192679,27110.375366624186,628.4122649734709,-1
2023-10-05 00:00:00+00:00,27798.646484375,28091.861328125,27375.6015625,27415.912109375,11877253670,0.0,0.0,27946.59765625,1.4594472929300055,56.74390450908804,27383.45785169356,27434.208147321428,717.2897135416666,46.15925142619174,27154.02413312545,640.9621294457446,1
2023-10-06 00:00:00+00:00,27412.123046875,28252.537109375,27215.552734375,27946.59765625,13492391599,0.0,0.0,27968.83984375,3.845450703584441,66.0296765085238,27524.242802832672,27582.047712053572,963.3125,80.54423069177025,27267.25039049974,697.5375919249058,1
2023-10-07 00:00:00+00:00,27946.78125,28028.091796875,27870.423828125,27968.83984375,6553044316,0.0,0.0,27935.08984375,3.711535691319539,66.38255278286853,27635.392063062005,27725.03683035714,1112.93359375,132.5111284308731,27367.478569358067,620.4123598566163,-1
2023-10-08 00:00:00+00:00,27971.677734375,28102.169921875,27740.662109375,27935.08984375,7916875290,0.0,0.0,27583.677734375,-0.17388718899361236,65.18386533840547,27710.316508234006,27718.085379464286,1332.77734375,83.49020503362891,27448.566666859075,583.4255848139227,-1
2023-10-09 00:00:00+00:00,27934.47265625,27989.470703125,27302.5625,27583.677734375,12007668568,0.0,0.0,27391.01953125,0.19212157526496262,53.45778861160031,27678.656814769252,27725.641462053572,1394.2132161458333,-38.40387648254557,27467.868405563342,598.2089568536301,-1
2023-10-10 00:00:00+00:00,27589.201171875,27715.84765625,27301.654296875,27391.01953125,9973350678,0.0,0.0,26873.3203125,-0.14203067768648708,47.94155887468478,27606.747493889437,27720.07589285714,1252.4876302083333,-110.04949751545996,27456.889918097884,571.920799670482,-1
2023-10-11 00:00:00+00:00,27392.076171875,27474.115234375,26561.099609375,26873.3203125,13648094333,0.0,0.0,26756.798828125,-3.3312747790567045,36.22344119419703,27423.390698542076,27587.77957589286,1106.6673177083333,-188.43389875167017,27373.52233137935,620.6489729569653,-1
2023-10-12 00:00:00+00:00,26873.29296875,26921.439453125,26558.3203125,26756.798828125,9392909295,0.0,0.0,26862.375,-2.404126766311791,34.03872855254862,27256.742730937807,27493.620535714286,789.8525390625,-133.8931464170486,27285.41852066715,583.8587761687887,-1
2023-10-13 00:00:00+00:00,26752.87890625,27092.697265625,26686.322265625,26862.375,15165312851,0.0,0.0,26861.70703125,-3.8796230925360016,37.9920205041761,27158.150798203354,27338.731584821428,324.5634765625,-75.40858231437794,27224.98346559334,558.5038206051573,1
2023-10-14 00:00:00+00:00,26866.203125,26969.0,26814.5859375,26861.70703125,5388116782,0.0,0.0,27159.65234375,-3.9584509714563767,37.975220584737954,27084.039856465017,27180.569754464286,-73.25618489583333,-56.226449909368235,27173.08663602779,500.77645783327375,1
2023-10-15 00:00:00+00:00,26858.01171875,27289.169921875,26817.89453125,27159.65234375,7098201980,0.0,0.0,28519.466796875,-2.775854684331688,49.5780009157502,27102.942978286264,27069.79296875,-323.470703125,-1.4192303860778739,27171.167445201103,496.5620037366926,1
2023-10-16 00:00:00+00:00,27162.62890625,29448.138671875,27130.47265625,28519.466796875,27833876539,0.0,0.0,28415.748046875,3.3925463874377133,74.73927236873595,27457.073932933446,27203.477120535714,-265.0374348958333,189.55195715499775,27363.782172992163,756.7205622817656,1
2023-10-17 00:00:00+00:00,28522.09765625,28618.751953125,28110.185546875,28415.748046875,14872527508,0.0,0.0,28328.341796875,3.7411112589507765,71.56154494585334,27696.742461418835,27349.86690848214,-91.998046875,117.53534508505683,27514.063369699186,721.2698701525006,-1
2023-10-18 00:00:00+00:00,28413.53125,28889.009765625,28174.251953125,28328.341796875,12724128586,0.0,0.0,28719.806640625,5.414371828471838,68.69014166633761,27854.642295282876,27557.727120535714,6.812174479166667,83.2098348149249,27630.3890965416,720.3395739885855,1
2023-10-19 00:00:00+00:00,28332.416015625,28892.474609375,28177.98828125,28719.806640625,14448058195,0.0,0.0,29682.94921875,7.336482309074336,74.11676942791753,28070.933381618408,27838.156808035714,318.869140625,71.44918729220763,27786.020446333114,719.5033943026881,1
2023-10-20 00:00:00+00:00,28732.8125,30104.0859375,28601.669921875,29682.94921875,21536125230,0.0,0.0,29918.412109375,10.500092485307052,82.71571175907987,28473.937340901306,28241.09598214286,721.6920572916666,125.811723233272,28057.010677017297,831.3482500120025,1
2023-10-21 00:00:00+00:00,29683.380859375,30287.482421875,29481.751953125,29918.412109375,11541146996,0.0,0.0,29993.896484375,11.379414847198403,84.21173909252651,28835.05603301973,28677.768136160714,1155.8688151041667,140.24054500455208,28322.925508881137,827.6885614908769,1
2023-10-22 00:00:00+00:00,29918.654296875,30199.43359375,29720.3125,29993.896484375,10446520040,0.0,0.0,33086.234375,10.435494920012179,84.70681009744281,29124.766145858546,29082.66015625,1469.6695963541667,97.76865015519375,28561.635911026333,777.8931450018518,1
2023-10-23 00:00:00+00:00,30140.685546875,34370.4375,30097.828125,33086.234375,38363572311,0.0,0.0,33901.52734375,16.01280841135992,93.87950046848148,30115.13320314391,29735.055524553572,2338.5159505208335,191.14224816958668,29208.00773008328,1291.9862638972984,1
2023-10-24 00:00:00+00:00,33077.3046875,35150.43359375,32880.76171875,33901.52734375,44934999645,0.0,0.0,34502.8203125,19.305419261972567,94.83279645875082,31061.73173829543,30518.73828125,3465.6800130208335,146.68998583655969,29878.511074340022,1431.6557687044185,1
2023-10-25 00:00:00+00:00,33916.04296875,35133.7578125,33709.109375,34502.8203125,25254318008,0.0,0.0,34156.6484375,21.796116976766104,95.44345170577249,31922.003881846573,31400.806640625,4613.926432291667,103.92777779911887,30539.12713776931,1430.654720579852,1
2023-10-26 00:00:00+00:00,34504.2890625,34832.91015625,33762.32421875,34156.6484375,19427195376,0.0,0.0,33909.80078125,18.93063510108884,88.42459991495086,32480.66502075993,32177.49832589286,5538.440104166667,73.62594659969601,31055.91620196101,1379.2162873368727,-1
2023-10-27 00:00:00+00:00,34156.5,34238.2109375,33416.88671875,33909.80078125,16418032871,0.0,0.0,34089.57421875,14.23999863136915,83.32673506524768,32837.94896088245,32781.334263392855,6274.342447916667,46.99837742399391,31463.614206656322,1299.5173730370605,-1
2023-10-28 00:00:00+00:00,33907.72265625,34399.390625,33874.8046875,34089.57421875,10160330825,0.0,0.0,34538.48046875,13.94178973845994,84.10532736824021,33150.85527534934,33377.214564732145,6768.880859375,46.13800168567887,31838.751515015243,1188.812825860578,1
2023-10-29 00:00:00+00:00,34089.37109375,34743.26171875,33947.56640625,34538.48046875,11160323986,0.0,0.0,34502.36328125,15.151695901672703,86.00870240055546,33497.76157369951,34026.44084821428,6753.8505859375,72.70908867105419,32224.42722415581,1132.6531565770924,1
2023-10-30 00:00:00+00:00,34531.7421875,34843.93359375,34110.97265625,34502.36328125,17184860315,0.0,0.0,34667.78125,4.280115078070137,85.05268484056049,33748.91200058713,34228.74497767857,6592.066080729167,86.95632767511631,32549.846765260605,1075.5542467708788,1
2023-10-31 00:00:00+00:00,34500.078125,34719.25390625,34083.30859375,34667.78125,15758270810,0.0,0.0,35437.25390625,2.2602341731699727,85.89068655091259,33978.62931294035,34338.20982142857,6309.987630208333,69.55245689199084,32852.408917691064,1012.7529503031957,1
2023-11-01 00:00:00+00:00,34657.2734375,35527.9296875,34170.69140625,35437.25390625,22446272005,0.0,0.0,34938.2421875,2.7082817731612066,89.18209729276595,34343.28546126776,34471.70033482143,6053.21484375,170.25733226970766,33221.672574502256,1061.9651539681304,1
2023-11-02 00:00:00+00:00,35441.578125,35919.84375,34401.57421875,34938.2421875,20998158544,0.0,0.0,34732.32421875,2.2882624196286825,75.80299672602386,34492.024642825825,34583.35658482143,5764.828450520833,120.91303751180885,33466.89685446235,1127.151508941004,-1
2023-11-03 00:00:00+00:00,34942.47265625,34942.47265625,34133.44140625,34732.32421875,17158456701,0.0,0.0,35082.1953125,2.42562155645221,70.69700021542769,34552.09953680687,34700.85993303572,5626.215169270833,-0.8067332096878971,33647.6722235155,1081.7057484843153,1
2023-11-04 00:00:00+00:00,34736.32421875,35256.03125,34616.69140625,35082.1953125,9561294264,0.0,0.0,35049.35546875,2.9118025569355366,74.14872887147492,34684.62348073015,34842.66294642857,4938.419921875,64.2213469277456,33852.60412378188,1018.5106082955331,1
2023-11-05 00:00:00+00:00,35090.01171875,35340.33984375,34594.2421875,35049.35546875,12412743996,0.0,0.0,35037.37109375,1.4791472961939758,73.20444659781317,34775.80647773511,34915.64508928572,4100.721028645833,49.32002393672736,34023.56862338083,979.5944665139585,-1
2023-11-06 00:00:00+00:00,35044.7890625,35286.02734375,34765.36328125,35037.37109375,12693436420,0.0,0.0,35443.5625,1.5506410622913624,72.8096728145398,34841.19763173883,34992.07477678572,3198.4837239583335,47.13352642883402,34168.39756350954,914.0329718869517,1
2023-11-07 00:00:00+00:00,35047.79296875,35892.41796875,34545.81640625,35443.5625,18834737789,0.0,0.0,35655.27734375,2.2377585816802164,77.58870472068585,34991.78884880412,35102.900669642855,2453.9186197916665,155.20003979184725,34350.56400003193,975.8284915690501,1
2023-11-08 00:00:00+00:00,35419.4765625,35994.41796875,35147.80078125,35655.27734375,17295394918,0.0,0.0,36693.125,0.6152379585528427,79.75271653147995,35157.66097254059,35134.046875,1908.1930338541667,165.38218662956058,34536.951635493,957.3697321198981,1
2023-11-09 00:00:00+00:00,35633.6328125,37926.2578125,35592.1015625,36693.125,37762672382,0.0,0.0,37313.96875,5.022813692464046,86.956021837063,35541.52697940544,35384.744419642855,1552.3802083333333,194.9627051841967,34844.97642299962,1154.0535361431391,1
2023-11-10 00:00:00+00:00,36702.25,37493.80078125,36362.75390625,37313.96875,22711265155,0.0,0.0,37138.05078125,7.432973719208568,89.5505289251594,35984.63742205408,35753.55078125,1682.3014322916667,131.87584616346166,35197.689633328286,1150.7668700398906,1
2023-11-11 00:00:00+00:00,37310.0703125,37407.09375,36773.66796875,37138.05078125,13924272142,0.0,0.0,37054.51953125,5.860110664219141,84.02554743964058,36272.99076185306,36047.244419642855,1930.2779947916667,88.70732630906639,35474.88409701388,1076.8609958634001,-1
2023-11-12 00:00:00+00:00,37133.9921875,37227.69140625,36779.1171875,37054.51953125,11545715999,0.0,0.0,36502.35546875,5.720972713143909,81.24862184648941,36468.3729542023,36333.69642857143,2238.9759114583335,61.60983464291551,35700.54631166165,987.105737462543,-1
2023-11-13 00:00:00+00:00,37070.3046875,37405.1171875,36399.60546875,36502.35546875,19057712790,0.0,0.0,35537.640625,4.18120517969262,64.74664091753854,36476.868582839226,36542.97991071428,2202.0071614583335,28.166824094175535,35815.09048120501,989.735163474439,-1
2023-11-14 00:00:00+00:00,36491.7890625,36753.3515625,34948.5,35537.640625,23857403554,0.0,0.0,37880.58203125,0.26543078168285145,45.78978542642018,36242.06159337942,36556.419642857145,2010.994140625,-107.15599268115047,35775.454786202376,1106.180367650702,1
2023-11-15 00:00:00+00:00,35548.11328125,37964.89453125,35383.78125,37880.58203125,27365821679,0.0,0.0,36154.76953125,6.241164992340392,70.37013288350485,36651.69170284706,36874.3203125,2101.7786458333335,60.73540200341959,36076.18725796889,1316.8850762866587,1
2023-11-16 00:00:00+00:00,37879.98046875,37934.625,35545.47265625,36154.76953125,26007385366,0.0,0.0,36596.68359375,-1.4671834812379703,50.63838002559003,36527.461159947794,36797.412388392855,1817.9596354166667,-40.850547120996254,36087.41329727104,1470.0661186664925,-1
2023-11-17 00:00:00+00:00,36164.82421875,36704.484375,35901.234375,36596.68359375,22445028430,0.0,0.0,36585.703125,-1.9222966097649423,54.453622453861364,36544.766768398345,36694.943080357145,1636.56640625,-47.41443602244331,36160.16619822339,1374.806670919531,1
2023-11-18 00:00:00+00:00,36625.37109375,36839.28125,36233.3125,36585.703125,11886022717,0.0,0.0,37386.546875,-1.4872823011186829,54.33188691816431,36555.00085754876,36616.03627232143,1496.83203125,-7.292655599102841,36220.95718880525,1264.9726800196097,1
2023-11-19 00:00:00+00:00,36585.765625,37509.35546875,36414.59765625,37386.546875,12915986553,0.0,0.0,37476.95703125,0.8960508676140952,61.63064252471116,36762.88736191157,36663.46875,1643.1458333333333,102.19822360711004,36387.470003566006,1240.656269957013,1
2023-11-20 00:00:00+00:00,37374.07421875,37756.8203125,36882.53125,37476.95703125,20888209068,0.0,0.0,35813.8125,2.6699689649736857,62.42166621908845,36941.40477924618,36802.697544642855,1846.859375,107.11242389668179,36543.11100948152,1188.3180966939453,-1
2023-11-21 00:00:00+00:00,37469.16015625,37631.140625,35813.8125,35813.8125,25172163756,0.0,0.0,37432.33984375,0.7771249586156228,43.27474209919497,36659.50670943463,36842.150669642855,1175.59765625,-69.9140519128396,36438.92550700205,1278.1766732982178,-1
2023-11-22 00:00:00+00:00,35756.5546875,37856.98046875,35670.97265625,37432.33984375,24397247860,0.0,0.0,37289.62109375,-1.1833033270983475,57.926985574979305,36852.71499301348,36778.11607142857,1016.5638020833334,44.01040255061262,36580.84184213665,1407.8668374416875,1
2023-11-23 00:00:00+00:00,37420.43359375,37643.91796875,36923.86328125,37289.62109375,14214948217,0.0,0.0,37720.28125,3.1388709628451728,56.427553990698655,36961.94151819761,36940.23772321428,783.9375,76.76433859157574,36682.09602174181,1309.6079579691848,1
2023-11-24 00:00:00+00:00,37296.31640625,38415.33984375,37261.60546875,37720.28125,22922957823,0.0,0.0,37796.79296875,3.0702171506105778,60.06656096865906,37151.52645114821,37100.751674107145,636.8424479166666,133.8521323830904,36830.40819821575,1287.3403030826516,1
2023-11-25 00:00:00+00:00,37721.4140625,37892.4296875,37617.41796875,37796.79296875,9099571165,0.0,0.0,37479.12109375,3.3102817229237003,60.74606832713038,37312.84308054866,37273.76450892857,528.7513020833334,98.49753817843316,36968.46316623956,1142.721932908907,-1
2023-11-26 00:00:00+00:00,37796.828125,37820.30078125,37162.75,37479.12109375,13744796068,0.0,0.0,37254.16796875,0.24761371800267393,56.12038703470642,37354.41258384899,37286.98939732143,548.7180989583334,35.41306144418096,37041.4142991055,1073.411767982243,-1
2023-11-27 00:00:00+00:00,37454.19140625,37559.35546875,36750.12890625,37254.16796875,19002925720,0.0,0.0,37831.0859375,-0.5944694557624524,52.79882876897009,37329.351430074246,37255.162388392855,590.8678385416666,-16.736523280526995,37071.80768061343,1035.6710241533804,1
2023-11-28 00:00:00+00:00,37247.9921875,38368.48046875,36891.08984375,37831.0859375,21696137014,0.0,0.0,37858.4921875,5.632668785262669,59.900061537983646,37454.78505693068,37543.34430803572,850.525390625,60.580946075100904,37180.2760034239,1098.773824544535,1
2023-11-29 00:00:00+00:00,37826.10546875,38366.11328125,37612.6328125,37858.4921875,20728546658,0.0,0.0,37712.74609375,1.1384603407877902,60.23165111626049,37555.711839573014,37604.22321428572,1035.5651041666667,98.71872606502802,37277.1640300253,1049.4462021071245,-1
2023-11-30 00:00:00+00:00,37861.1171875,38141.75390625,37531.140625,37712.74609375,18115982627,0.0,0.0,38688.75,1.1346991135582192,57.29232539908373,37594.97040311726,37664.669642857145,1112.4453125,44.5712348770767,37339.390039296624,986.7557846445974,1
2023-12-01 00:00:00+00:00,37718.0078125,38954.109375,37629.359375,38688.75,23512784002,0.0,0.0,39476.33203125,2.5675014021800275,69.08070182220204,37868.41530233795,37803.02232142857,1113.7395833333333,172.32460870556898,37532.15574841408,1035.0406726827155,1
2023-12-02 00:00:00+00:00,38689.27734375,39678.9375,38652.59375,39476.33203125,15534035612,0.0,0.0,39978.390625,4.443602037581933,75.45814373009725,38270.39448456596,38042.95647321428,1123.388671875,173.057761082188,37809.89521794088,1033.7982551537416,1
2023-12-03 00:00:00+00:00,39472.20703125,40135.60546875,39298.1640625,39978.390625,15769696322,0.0,0.0,41980.09765625,6.668431538184541,78.72214373321479,38697.39351967447,38399.99497767857,1921.8873697916667,135.33331521735965,38119.68027661823,1005.7472766833481,1
2023-12-04 00:00:00+00:00,39978.62890625,42371.75,39978.62890625,41980.09765625,39856129827,0.0,0.0,44080.6484375,12.685640144920866,86.85445782666459,39518.06955381835,39075.12779017857,2400.4609375,156.18385906647447,38671.16847451119,1203.9775767794902,1
2023-12-05 00:00:00+00:00,41986.265625,44408.6640625,41421.1484375,44080.6484375,36312154535,0.0,0.0,43746.4453125,16.519648709859347,91.0447443594139,40658.71427473876,39967.92243303572,3321.9973958333335,154.76513901160195,39443.95132733087,1458.7687268961354,1
2023-12-06 00:00:00+00:00,44080.0234375,44265.76953125,43478.08203125,43746.4453125,29909761586,0.0,0.0,43292.6640625,15.552529392451785,85.95871078694323,41430.64703417907,40809.05859375,4138.517578125,110.52755460452053,40058.59332586946,1362.8999800770812,-1
2023-12-07 00:00:00+00:00,43769.1328125,44042.58984375,42880.6484375,43292.6640625,27635760671,0.0,0.0,44166.6015625,14.795841052992797,78.97041036337637,41896.1512912593,41606.189732142855,4837.462239583333,72.89432643313165,40520.60343152587,1334.191612356798,1
2023-12-08 00:00:00+00:00,43293.13671875,44705.515625,43125.296875,44166.6015625,24421116687,0.0,0.0,43725.984375,14.158771122096217,82.21851694358416,42463.76385906948,42388.739955357145,5618.813151041667,72.6681600691726,41041.46030778854,1369.3383463380428,1
2023-12-09 00:00:00+00:00,44180.01953125,44361.2578125,43627.59765625,43725.984375,17368210171,0.0,0.0,43779.69921875,10.765063837202295,75.3710219163297,42779.31898805211,42995.83314732143,6003.352864583333,58.196718142527324,41424.963746219866,1278.5271762541183,-1
2023-12-10 00:00:00+00:00,43728.3828125,44034.625,43593.28515625,43779.69921875,13000481418,0.0,0.0,41243.83203125,9.508408253365001,75.65934146079893,43029.41404572658,43538.877232142855,6236.828776041667,48.29805440748564,41761.35452820406,1158.9289858158468,-1
2023-12-11 00:00:00+00:00,43792.01953125,43808.375,40234.578125,41243.83203125,40632672038,0.0,0.0,41450.22265625,-1.7538444789453336,45.99987561494619,42583.018542107435,43433.69642857143,5669.214192708333,-214.0075565258395,41687.42274288833,1503.9101130412848,-1
2023-12-12 00:00:00+00:00,41238.734375,42048.3046875,40667.5625,41450.22265625,24779520132,0.0,0.0,42890.7421875,-5.96730282899437,47.93778584060719,42299.81957064308,43057.92131696428,5287.766276041667,-130.45286224052356,41653.53701621134,1486.31469509811,1
2023-12-13 00:00:00+00:00,41468.46484375,43429.78125,40676.8671875,42890.7421875,26797884674,0.0,0.0,43023.97265625,-1.956051786350498,59.71113242910795,42447.55022485731,42935.678013392855,5072.119791666667,-42.55561201124971,41830.28061217396,1667.2574619465431,1
2023-12-14 00:00:00+00:00,42884.26171875,43390.859375,41767.08984375,43023.97265625,25578530178,0.0,0.0,41929.7578125,-0.6206395750146035,60.670806001913455,42591.65583270548,42897.29352678572,4548.813151041667,-8.686006986123237,42000.8080470951,1661.0449004162072,-1
2023-12-15 00:00:00+00:00,43028.25,43087.82421875,41692.96875,41929.7578125,19639442462,0.0,0.0,42240.1171875,-5.064559352239611,49.39669718420032,42426.18132765411,42577.744419642855,3795.4049479166665,-31.362274538052752,41990.6580135788,1623.0178387377582,-1
2023-12-16 00:00:00+00:00,41937.7421875,42664.9453125,41723.11328125,42240.1171875,14386729590,0.0,0.0,41364.6640625,-3.3981331895401152,52.3280903015915,42379.66529261558,42365.47767857143,2847.3059895833335,-18.12981430510759,42026.29503843284,1525.705580499233,-1
2023-12-17 00:00:00+00:00,42236.109375,42359.49609375,41274.54296875,41364.6640625,16678702876,0.0,0.0,42623.5390625,-5.516335651789237,43.94961338373167,42125.91498508668,42020.47265625,1830.4186197916667,-67.09343653969616,41931.77632756675,1462.7409439849293,1
2023-12-18 00:00:00+00:00,41348.203125,42720.296875,40530.2578125,42623.5390625,25224642008,0.0,0.0,42270.52734375,3.3452445209373636,55.81757735091295,42250.32100444001,42217.57366071428,1020.3548177083334,-22.400062298455076,42030.599575430984,1566.6406752217538,1
2023-12-19 00:00:00+00:00,42641.51171875,43354.296875,41826.3359375,42270.52734375,23171001281,0.0,0.0,43652.25,1.9790115346372255,52.201529741446016,42255.37258926751,42334.760044642855,149.66666666666666,68.83938049228537,42064.874970910074,1561.114998403431,1
2023-12-20 00:00:00+00:00,42261.30078125,44275.5859375,42223.81640625,43652.25,27868908174,0.0,0.0,43869.15234375,1.7754596298917216,63.11361591178528,42604.59194195063,42443.546875,-527.33203125,161.13229432568482,42291.642832236656,1631.208503105902,1
2023-12-21 00:00:00+00:00,43648.125,44240.66796875,43330.05078125,43869.15234375,22452766169,0.0,0.0,43997.90234375,1.9644389751098974,64.59395550718443,42920.73204240047,42564.286830357145,-828.6985677083334,140.23808223500524,42517.00133390528,1528.266886578054,1
2023-12-22 00:00:00+00:00,43868.98828125,44367.95703125,43441.96875,43997.90234375,21028503216,0.0,0.0,43739.54296875,4.93240275915319,65.55136359022192,43190.02461773786,42859.736049107145,-835.66796875,96.53857037604162,42728.55862104516,1442.2270858077911,-1
2023-12-23 00:00:00+00:00,44012.19921875,44015.69921875,43351.35546875,43739.54296875,13507796558,0.0,0.0,43016.1171875,3.549767096038552,61.6486470745777,43327.40420549089,43073.939732142855,32.947916666666664,57.793889023193856,42872.9849564428,1331.1008949680188,-1
2023-12-24 00:00:00+00:00,43728.3671875,43945.5234375,42786.91796875,43016.1171875,18830554085,0.0,0.0,43613.140625,3.9924248448016755,51.610764428591374,43249.58245099317,43309.861607142855,481.0813802083333,3.677758737974959,42893.43241802376,1306.4586912206703,-1
2023-12-25 00:00:00+00:00,43010.57421875,43765.09375,42765.76953125,43613.140625,21115795370,0.0,0.0,42520.40234375,2.321725469696267,58.168660421575765,43340.471994494874,43451.23325892857,771.8372395833334,-7.877069978800544,42996.2478761691,1262.582338007648,-1
2023-12-26 00:00:00+00:00,43599.84765625,43603.17578125,41676.48828125,42520.40234375,30026850982,0.0,0.0,43442.85546875,0.5911329138810609,45.11322864891822,43135.454581808655,43486.9296875,773.6341145833334,-171.92125834697424,42928.26994296304,1358.878053119203,-1
2023-12-27 00:00:00+00:00,42518.46875,43683.16015625,42167.58203125,43442.85546875,25260941032,0.0,0.0,42627.85546875,-0.47968783109690794,55.04927888564087,43212.30480354399,43457.01618303572,1001.9557291666666,-55.42940317224367,43001.7821609357,1381.2637776746994,1
2023-12-28 00:00:00+00:00,43468.19921875,43804.78125,42318.55078125,42627.85546875,22992093014,0.0,0.0,42099.40234375,-2.8295437880208927,46.39253968581336,43066.1924698455,43279.68805803572,1030.2115885416667,-67.77681554473304,42948.3640620501,1396.2590192575149,-1
2023-12-29 00:00:00+00:00,42614.64453125,43124.32421875,41424.0625,42099.40234375,26000021055,0.0,0.0,42156.90234375,-4.314978439579373,41.46043582135832,42824.49493832162,43008.47377232143,736.7161458333334,-140.8975050556278,42827.083816574916,1439.6879763294332,-1
2023-12-30 00:00:00+00:00,42091.75390625,42584.125,41556.2265625,42156.90234375,16013925945,0.0,0.0,42265.1875,-3.6183291309896126,42.23994251086639,42657.59678967872,42782.38225446428,397.9609375,-110.50539023027068,42731.343606168826,1380.8608993519847,1
2023-12-31 00:00:00+00:00,42152.09765625,42860.9375,41998.25390625,42265.1875,16397498810,0.0,0.0,44167.33203125,-1.7456937924611469,43.8817504454053,42559.494467259035,42675.10658482143,276.6712239583333,-49.53492478933784,42664.74987671463,1306.8355699783149,1
2024-01-01 00:00:00+00:00,42280.234375,44175.4375,42214.9765625,44167.33203125,18426978443,0.0,0.0,44957.96875,1.2706982306436456,64.53883742181624,42961.45385825678,42754.27678571428,446.4466145833333,132.05502696498928,42879.40447022386,1400.2106224835297,1
2024-01-02 00:00:00+00:00,44187.140625,45899.70703125,44176.94921875,44957.96875,39335274536,0.0,0.0,42848.17578125,5.732698356294584,69.90999064270585,43460.58258119258,43102.50055803572,375.7330729166667,182.57935607348412,43176.34222448254,1447.6626764153762,-1
2024-01-03 00:00:00+00:00,44961.6015625,45503.2421875,40813.53515625,42848.17578125,46342323118,0.0,0.0,44179.921875,-1.3688779917511968,47.50784722114958,43307.48088120694,43017.54631696428,119.48893229166667,2.5599913563463184,43129.461304020086,1910.8118699708937,-1
2024-01-04 00:00:00+00:00,42855.81640625,44770.0234375,42675.17578125,44179.921875,30448091210,0.0,0.0,44162.69140625,3.6409676001360247,57.52999910395144,43525.59112965521,43239.27008928572,70.42903645833333,56.93055086523096,43279.5270998762,1937.10269658257,1
2024-01-05 00:00:00+00:00,44192.98046875,44353.28515625,42784.71875,44162.69140625,32336029347,0.0,0.0,43989.1953125,4.900993714002954,57.36467598451439,43684.86619880391,43534.025669642855,339.2975260416667,33.811787156539694,43405.69342935949,1884.4546551058443,-1
2024-01-06 00:00:00+00:00,44178.953125,44227.6328125,43475.15625,43989.1953125,16092503468,0.0,0.0,43943.09765625,4.346365285118364,55.491389407386976,43760.94847722793,43795.78180803572,402.86328125,29.998908377817482,43489.050841237455,1722.743499017599,-1
2024-01-07 00:00:00+00:00,43998.46484375,44495.5703125,43662.23046875,43943.09765625,19330573863,0.0,0.0,46970.50390625,3.9699579145366384,54.935296846318515,43806.48577198345,44035.48325892857,554.1321614583334,27.544047075923125,43553.91467195404,1595.6858339782284,1
2024-01-08 00:00:00+00:00,43948.70703125,47218.0,43244.08203125,46970.50390625,42746192015,0.0,0.0,46139.73046875,6.346708633015582,74.50833740153175,44597.49030555008,44435.93638392857,960.6041666666666,155.3928516252627,44041.99884828526,1935.4332818053851,1
2024-01-09 00:00:00+00:00,46987.640625,47893.69921875,45244.71484375,46139.73046875,39821290992,0.0,0.0,46627.77734375,2.6285923310314145,65.41252703745748,44983.050346350065,44604.759486607145,1737.5377604166667,137.66238847317382,44341.674794067636,2037.369152262432,-1
2024-01-10 00:00:00+00:00,46121.5390625,47647.22265625,44483.15234375,46627.77734375,50114613298,0.0,0.0,46368.5859375,8.820915928360062,68.08297802220613,45394.23209570005,45144.70256696428,2418.8704427083335,83.14480479568964,44668.260872595274,2198.32646086871,1
2024-01-11 00:00:00+00:00,46656.07421875,48969.37109375,45678.64453125,46368.5859375,45833734549,0.0,0.0,42853.16796875,4.953979023983957,64.97472694552408,45637.820556150036,45457.368861607145,2929.7220052083335,93.0826453417787,44911.16445329696,2354.3836182453656,-1
2024-01-12 00:00:00+00:00,46354.79296875,46498.13671875,41903.76953125,42853.16796875,43332698900,0.0,0.0,42842.3828125,-2.965225614204014,37.723258532309046,44941.65740930002,45270.29408482143,2965.04296875,-85.60145489698027,44617.16495550349,2674.3812709973586,-1
2024-01-13 00:00:00+00:00,42799.4453125,43234.66015625,42464.14453125,42842.3828125,20601860469,0.0,0.0,41796.26953125,-2.607032231103625,37.66671285250596,44416.838760100014,45106.46372767857,2507.1022135416665,-111.30775458595768,44363.62464935936,2402.4004644253378,-1
2024-01-14 00:00:00+00:00,42842.26171875,43065.59765625,41724.61328125,41796.26953125,17521429522,0.0,0.0,42511.96875,-4.885472894500549,32.20409959028127,43761.69645288751,44799.77399553572,1392.2109375,-106.87606480423209,43996.859632485626,2250.769594506969,-1
2024-01-15 00:00:00+00:00,41715.06640625,43319.72265625,41705.41796875,42511.96875,22320220558,0.0,0.0,43154.9453125,-9.492202095913084,39.237668985343035,43449.26452716564,44162.84040178572,750.8639322916666,-69.78718770593218,43784.73236355863,2159.8460363628783,1
2024-01-16 00:00:00+00:00,42499.3359375,43566.2734375,42085.99609375,43154.9453125,24062872740,0.0,0.0,42742.65234375,-6.469012987129534,45.19688312689721,43375.68472349923,43736.44252232143,-174.69466145833334,-42.89651512041967,43694.76278483579,2062.7647945608205,1
2024-01-17 00:00:00+00:00,43132.1015625,43189.890625,42189.30859375,42742.65234375,20851232595,0.0,0.0,41262.05859375,-8.332211444174195,42.107501138614694,43217.42662856192,43181.42466517857,-1113.3151041666667,-42.62992410789479,43558.74700753759,1911.02439980184,-1
2024-01-18 00:00:00+00:00,42742.3125,42876.34765625,40631.171875,41262.05859375,25218357242,0.0,0.0,41618.40625,-11.012902896441709,32.73337684572619,42728.58461985894,42451.92075892857,-1665.8346354166667,-149.9087161392901,43230.64866271032,1958.76031143737,-1
2024-01-19 00:00:00+00:00,41278.4609375,42134.16015625,40297.45703125,41618.40625,25752407154,0.0,0.0,41665.5859375,-2.8813779173815823,36.690888836082785,42451.04002739421,42275.52622767857,-1832.4583333333333,-125.17947803596866,43000.328318037136,1941.3235705177212,1
2024-01-20 00:00:00+00:00,41624.58984375,41877.89453125,41446.82421875,41665.5859375,11586690904,0.0,0.0,41545.78515625,-2.7468053776333123,37.261037210683554,42254.67650492066,42107.412388392855,-2189.6614583333335,-61.10763370081684,42809.65083510306,1725.5731050863567,-1
2024-01-21 00:00:00+00:00,41671.48828125,41855.3671875,41497.0078125,41545.78515625,9344043642,0.0,0.0,39507.3671875,-0.599298401051604,36.292774461609554,42077.453667753,42071.62890625,-2899.2845052083335,-49.67984078963531,42629.09859526675,1530.2568579309602,-1
2024-01-22 00:00:00+00:00,41553.65234375,41651.20703125,39450.1171875,39507.3671875,31338708143,0.0,0.0,39845.55078125,-7.067660357414052,23.942283324651694,41434.93204768975,41642.400111607145,-3915.1901041666665,-162.2010084309473,42183.136965585436,1626.0901416194797,-1
2024-01-23 00:00:00+00:00,39518.71484375,40127.3515625,38521.89453125,39845.55078125,29244553045,0.0,0.0,40077.07421875,-7.668633356584096,28.642417666332996,41037.58673107981,41169.62946428572,-4765.689453125,-146.35837810096166,41849.19608210873,1623.1425544238375,1
2024-01-24 00:00:00+00:00,39877.59375,40483.78515625,39508.796875,40077.07421875,22359526178,0.0,0.0,39933.80859375,-6.2363423391758035,31.998809977879496,40797.45860299736,40788.83258928572,-4773.848958333333,-68.28874263216301,41596.03581591448,1530.5490868275144,1
2024-01-25 00:00:00+00:00,40075.55078125,40254.48046875,39545.6640625,39933.80859375,18491782013,0.0,0.0,41816.87109375,-3.219058973953353,30.94791852090769,40581.54610068552,40599.08258928572,-4871.162760416667,-58.134710607649616,41358.57478417658,1413.1587038878038,1
2024-01-26 00:00:00+00:00,39936.81640625,42209.38671875,39825.69140625,41816.87109375,25598119893,0.0,0.0,42120.0546875,0.4768679573115561,54.07577543186761,40890.37734895164,40627.43470982143,-3983.576171875,57.3559435653236,41424.04568554423,1551.80679083247,1
2024-01-27 00:00:00+00:00,41815.625,42195.6328125,41431.28125,42120.0546875,11422941934,0.0,0.0,42035.59375,1.090753291413496,56.79403001186544,41197.79668358873,40692.35881696428,-3283.2376302083335,102.16058586271669,41523.475542966524,1439.313186784928,1
2024-01-28 00:00:00+00:00,42126.125,42797.17578125,41696.91015625,42035.59375,16858971687,0.0,0.0,43288.24609375,1.1789609750011307,55.72208466573922,41407.245950191544,40762.33147321428,-2283.0611979166665,105.56848456199064,41596.63528682847,1390.8778208156352,1
2024-01-29 00:00:00+00:00,42030.9140625,43305.8671875,41818.33203125,43288.24609375,20668476578,0.0,0.0,42952.609375,9.57006041001451,66.6225409117028,41877.49598608116,41302.45703125,-1104.9563802083333,104.57757561013723,41838.29397353161,1404.6860115919774,1
2024-01-30 00:00:00+00:00,43300.2265625,43838.9453125,42711.37109375,42952.609375,23842814518,0.0,0.0,42582.60546875,7.797755415171922,61.86188939788437,42146.27433331087,41746.322544642855,-360.515625,100.37252622837292,41997.48188802713,1365.0986126145417,-1
2024-01-31 00:00:00+00:00,42946.25,43717.40625,42298.9453125,42582.60546875,24673628793,0.0,0.0,43075.7734375,6.2517818449626015,56.65512382549968,42255.35711717065,42104.255580357145,284.9466145833333,67.26518575152349,42081.07097098756,1372.7218018838946,1
2024-02-01 00:00:00+00:00,42569.76171875,43243.16796875,41879.19140625,43075.7734375,21423953779,0.0,0.0,43185.859375,7.867931846204486,61.67162168124326,42460.46119725299,42553.107700892855,516.5442708333334,38.54756638891194,42223.1713233465,1371.4724819719095,1
2024-02-02 00:00:00+00:00,43077.640625,43422.48828125,42584.3359375,43185.859375,18603843039,0.0,0.0,42992.25,3.273770240200039,62.7930479685465,42641.81074168974,42748.677455357145,855.208984375,72.1091357437838,42360.69818786845,1295.2838907973385,-1
2024-02-03 00:00:00+00:00,43184.96484375,43359.94140625,42890.80859375,42992.25,11169245236,0.0,0.0,42583.58203125,2.0707364199098297,59.23686821713387,42729.4205562673,42873.27678571428,1622.5813802083333,68.73663920188866,42450.91987531583,1177.2623081834165,-1
2024-02-04 00:00:00+00:00,42994.94140625,43097.64453125,42374.83203125,42583.58203125,14802225490,0.0,0.0,42658.66796875,1.3036292160141072,51.98659284865918,42692.96092501297,42951.560825892855,1987.9876302083333,-93.89395958830477,42469.871611877854,1112.3409070143493,-1
2024-02-05 00:00:00+00:00,42577.62109375,43494.25,42264.81640625,42658.66796875,18715487317,0.0,0.0,43084.671875,-1.454385847919348,53.21406741035184,42684.38768594723,42861.62109375,2136.4947916666665,-44.654004113266836,42496.84252000244,1129.0684336908726,1
2024-02-06 00:00:00+00:00,42657.390625,43344.1484375,42529.01953125,43084.671875,16798476726,0.0,0.0,44318.22265625,0.3074609480579432,59.98534762633047,42784.45873321042,42880.48716517857,2500.9388020833335,48.774568848801714,42580.81814214496,1084.2199297707439,1
2024-02-07 00:00:00+00:00,43090.01953125,44341.94921875,42775.95703125,44318.22265625,21126587775,0.0,0.0,45301.56640625,4.075883024052423,73.12520999274194,43167.89971397031,43128.43247767857,2682.7994791666665,207.65595144178738,42829.01878701713,1153.0445380177855,1
2024-02-08 00:00:00+00:00,44332.125,45575.83984375,44332.125,45301.56640625,26154524080,0.0,0.0,47147.19921875,5.167157293134791,79.41257769560472,43701.316387040235,43446.40290178572,2939.7057291666665,184.40382771904117,43182.23987547898,1167.9834879438172,1
2024-02-09 00:00:00+00:00,45297.3828125,48152.49609375,45260.82421875,47147.19921875,39316770844,0.0,0.0,47771.27734375,9.172770673270874,86.38653399927215,44562.78709496767,44012.30859375,3210.826171875,167.11152184779212,43748.66263880344,1414.2246860947141,1
2024-02-10 00:00:00+00:00,47153.52734375,48146.171875,46905.3203125,47771.27734375,16398681570,0.0,0.0,48293.91796875,11.116020547307945,87.99130644287801,45364.909657163254,44695.02678571428,3501.6595052083335,121.21917539748341,44323.32188236726,1389.4570970097536,1
2024-02-11 00:00:00+00:00,47768.96875,48535.9375,47617.40625,48293.91796875,19315867136,0.0,0.0,49958.22265625,13.409712535008127,89.23155501290069,46097.16173505994,45510.7890625,3961.6119791666665,99.32447645326262,44890.54989470767,1322.1819760083577,1
2024-02-12 00:00:00+00:00,48296.38671875,50280.4765625,47745.76171875,49958.22265625,34511985805,0.0,0.0,49742.44140625,17.111539190223557,92.21763297707288,47062.42696535746,46553.58258928572,4665.737630208333,103.7269950347824,45614.5031463566,1495.4009571143126,1
2024-02-13 00:00:00+00:00,49941.359375,50358.390625,48406.49609375,49742.44140625,35593051468,0.0,0.0,51826.6953125,15.452756726489518,88.50531507843272,47732.4305755806,47504.69252232143,5359.95703125,92.56927895153468,46204.20861205567,1560.6143248479843,1
2024-02-14 00:00:00+00:00,49733.4453125,52021.37109375,49296.83203125,51826.6953125,39105608050,0.0,0.0,51938.5546875,16.942179099754835,92.09250189198922,48755.99675981045,48577.33147321428,6269.844401041667,126.52712761270537,47007.42099783345,1726.889287369705,1
2024-02-15 00:00:00+00:00,51836.78515625,52820.06640625,51371.62890625,51938.5546875,38564360533,0.0,0.0,52160.203125,14.650681660169553,92.24405340859617,49551.636241732835,49525.47265625,6908.9609375,130.59233823374248,47711.86866778582,1687.1104606026036,1
2024-02-16 00:00:00+00:00,51937.7265625,52537.96875,51641.3671875,52160.203125,28180567298,0.0,0.0,51662.99609375,10.632665331806974,92.57310757843752,50203.777962549626,50241.61607142857,7757.892578125,94.4477047293592,48347.34501881643,1574.1806180165154,-1
2024-02-17 00:00:00+00:00,52161.67578125,52191.9140625,50669.66796875,51662.99609375,20009091006,0.0,0.0,52122.546875,8.146566234761066,83.32165640797672,50568.58249534972,50797.575892857145,8368.395833333334,49.71161336807256,48821.00945809266,1566.7614002641558,-1
2024-02-18 00:00:00+00:00,51661.96875,52356.96484375,51233.70703125,52122.546875,17595377311,0.0,0.0,51779.14453125,7.92776620179673,84.94411743549846,50957.07359026229,51344.52287946428,8645.438802083334,59.186017599831715,49292.657660508004,1503.4037448692757,1
2024-02-19 00:00:00+00:00,52134.8125,52483.32421875,51711.8203125,51779.14453125,21362184346,0.0,0.0,52284.875,3.6448892258023404,78.30335050387995,51162.59132550922,51604.654575892855,8777.814453125,54.58056191314884,49647.87007061401,1398.8466250665208,1
2024-02-20 00:00:00+00:00,51777.7265625,52945.05078125,50792.3125,52284.875,33353758256,0.0,0.0,51839.1796875,5.111195835736664,80.87258562635625,51443.16224413191,51967.859375,8501.559895833334,45.6524043571548,50024.5850605263,1506.5454330927332,1
2024-02-21 00:00:00+00:00,52273.53515625,52368.81640625,50671.7578125,51839.1796875,28624907020,0.0,0.0,51304.97265625,0.024088695844338183,72.09487413915033,51542.166604973936,51969.642857142855,7792.505859375,-94.91879973028026,50283.81286437968,1533.7615989009144,-1
2024-02-22 00:00:00+00:00,51854.64453125,52009.61328125,50926.29296875,51304.97265625,25413900611,0.0,0.0,50731.94921875,-1.219868429266253,62.5946184669661,51482.868117792954,51879.131138392855,6785.3515625,-106.37059800399592,50429.69283464687,1469.4128437007832,-1
2024-02-23 00:00:00+00:00,51283.90625,51497.93359375,50561.77734375,50731.94921875,21427078270,0.0,0.0,51571.1015625,-2.738206181496729,53.73355136153532,51295.13839303222,51675.09486607143,5690.96875,-158.2092608094538,50472.87231809018,1393.2333303149564,1
2024-02-24 00:00:00+00:00,50736.37109375,51684.1953125,50585.4453125,51571.1015625,15174077879,0.0,0.0,51733.23828125,-0.17787301975914066,62.744234803932684,51364.129185399164,51661.967075892855,4453.469401041667,-63.22333031243954,50629.76221014873,1351.1642831271054,1
2024-02-25 00:00:00+00:00,51565.21484375,51950.02734375,51306.171875,51733.23828125,15413239245,0.0,0.0,54522.40234375,-0.7469101513470509,64.31103244731318,51456.406459361875,51606.3515625,3541.7819010416665,23.086946338503058,50787.40164887748,1250.1201667875184,1
2024-02-26 00:00:00+00:00,51730.5390625,54938.17578125,50931.03125,54522.40234375,34074411896,0.0,0.0,57085.37109375,5.297997557384085,80.64623157313788,52222.90543045891,51998.24553571428,2827.181640625,204.59033036853583,51320.97317671642,1643.98079028216,1
2024-02-27 00:00:00+00:00,54519.36328125,57537.83984375,54484.19921875,57085.37109375,49756832031,0.0,0.0,62504.7890625,9.181424061451805,87.01689890137357,53438.521846281685,52684.03069196428,2902.9876302083335,183.81027333061664,52144.458593435505,1845.3607666704233,1
2024-02-28 00:00:00+00:00,57071.09765625,63913.1328125,56738.42578125,62504.7890625,83239156760,0.0,0.0,61198.3828125,20.57441772669833,92.83507721296894,55705.08865033626,54207.689174107145,4038.1360677083335,171.61274999987194,53624.505803301865,2606.695947324651,1
2024-02-29 00:00:00+00:00,62499.18359375,63585.64453125,60498.73046875,61198.3828125,65496611844,0.0,0.0,62440.6328125,19.28353070673507,82.44443636849236,57078.4121908772,55621.033482142855,5221.028645833333,112.8453147633791,54706.488233187316,2675.298535206844,-1
2024-03-01 00:00:00+00:00,61168.0625,63155.1015625,60802.52734375,62440.6328125,40186368423,0.0,0.0,62029.84765625,23.079506650264076,84.38349769958182,58418.9673462829,57293.70256696428,6671.896484375,85.572354663125,55811.366030231984,2629.1950614272946,1
2024-03-02 00:00:00+00:00,62431.65234375,62458.69921875,61657.2890625,62029.84765625,23888473685,0.0,0.0,63167.37109375,20.280245674168597,80.93472790959629,59321.687423774674,58787.80915178572,8048.547526041667,63.491505904966765,56699.72054823456,2368.0829321162523,1
2024-03-03 00:00:00+00:00,62031.578125,63230.2109375,61435.0234375,63167.37109375,26253811450,0.0,0.0,68330.4140625,22.10210145813382,83.15845286116773,60283.108341268504,60421.25669642857,9413.012369791666,62.751883390886064,57623.67062616534,2286.240727528216,1
2024-03-04 00:00:00+00:00,63137.00390625,68537.03125,62386.51953125,68330.4140625,70670471105,0.0,0.0,63801.19921875,25.325391261547807,89.58876894874878,62294.93477157638,62393.829799107145,11303.748697916666,176.94184244663097,59153.20540278457,2838.2794405599,1
2024-03-05 00:00:00+00:00,68341.0546875,69170.625,59323.91015625,63801.19921875,102802940877,0.0,0.0,66106.8046875,11.764534409298573,64.4169555322805,62671.50088336979,63353.23381696428,11662.35546875,59.90745738155032,59817.20451935106,3839.484498158487,-1
2024-03-06 00:00:00+00:00,63776.05078125,67637.9296875,62848.671875,66106.8046875,68750229073,0.0,0.0,66925.484375,5.762783426719928,69.50547729724383,63530.32683440234,63867.80747767857,12635.600260416666,85.48853205309841,60715.718829086625,3975.166400207275,1
2024-03-07 00:00:00+00:00,66099.7421875,68029.921875,65655.53125,66925.484375,46989543159,0.0,0.0,68300.09375,9.358256377536529,71.21097560181843,64379.11621955175,64685.96484375,13474.983072916666,100.67100383661302,61602.82819278853,3746.4841466062358,1
2024-03-08 00:00:00+00:00,66938.09375,70083.0546875,66230.453125,68300.09375,59202881172,0.0,0.0,68498.8828125,9.384051175610432,74.05359503085364,65359.36060216381,65523.03069196428,14527.675130208334,109.72272339868262,62559.580415247314,3761.643777448202,1
2024-03-09 00:00:00+00:00,68299.2578125,68673.0546875,68053.125,68498.8828125,21609650379,0.0,0.0,69019.7890625,10.428907051488128,74.47875619000023,66144.24115474786,66447.17857142857,15043.339192708334,95.73997851638485,63408.052186283414,3312.8274788841727,1
2024-03-10 00:00:00+00:00,68500.2578125,70005.203125,68239.9765625,69019.7890625,35683977532,0.0,0.0,72123.90625,9.26493831770222,75.69624143010952,66863.1281316859,67283.23828125,14283.869791666666,102.78098574758906,64209.728882885785,3091.741633686434,1
2024-03-11 00:00:00+00:00,69020.546875,72850.7109375,67194.8828125,72123.90625,65716656765,0.0,0.0,71481.2890625,5.551689155622845,81.74921468268953,68178.32266126442,67825.16573660714,13804.3515625,119.36945944946731,65340.32564961639,3458.039703874086,1
2024-03-12 00:00:00+00:00,72125.125,72825.65625,68728.8515625,71481.2890625,62554434520,0.0,0.0,73083.5,12.037532111924572,77.11078018633407,69004.06426157331,68922.32142857143,12955.693359375,111.00516242715064,66217.60613717118,3549.291844392074,1
2024-03-13 00:00:00+00:00,71482.1171875,73637.4765625,71334.09375,73083.5,48212536929,0.0,0.0,71396.59375,10.55367196384733,80.35335741006789,70023.92319617998,69918.9921875,12170.440755208334,127.2956478826284,67198.4481175753,3371.3048398360634,-1
2024-03-14 00:00:00+00:00,73079.375,73750.0703125,68563.0234375,71396.59375,59594605698,0.0,0.0,69403.7734375,6.680727702988702,68.44342920376376,70367.09083463499,70557.72209821429,10970.422526041666,49.84240817374262,67798.18320792168,3630.6965591451976,-1
2024-03-15 00:00:00+00:00,71387.875,72357.1328125,65630.6953125,69403.7734375,78320453976,0.0,0.0,65315.1171875,1.6159270462201965,56.83341275587374,70126.26148535125,70715.390625,9680.409505208334,-64.11554254948875,68027.55324071858,4072.945264981598,-1
2024-03-16 00:00:00+00:00,69392.484375,70046.2734375,64801.39453125,65315.1171875,46842198371,0.0,0.0,68390.625,-4.64790883336715,40.42113586910114,68923.47541088844,70260.56696428571,7188.790364583333,-147.67154891016037,67640.06237597307,4240.36435659137,-1
2024-03-17 00:00:00+00:00,65316.34375,68845.71875,64545.31640625,68390.625,44716864318,0.0,0.0,67548.59375,-0.9115705380239114,52.46711926630383,68790.26280816633,70170.68638392857,6350.508463541667,-94.04624665147252,67747.28560797691,4248.941211899745,1
2024-03-18 00:00:00+00:00,68371.3046875,68897.1328125,66594.2265625,67548.59375,49261579492,0.0,0.0,61912.7734375,-6.343683721373591,49.28426681820328,68479.84554362475,69517.0703125,4876.988932291667,-58.95467451174496,67718.90105683736,3970.9362173426384,-1
2024-03-19 00:00:00+00:00,67556.1328125,68106.9296875,61536.1796875,61912.7734375,74215844794,0.0,0.0,67913.671875,-13.386042348276238,33.442496942482,66838.07751709357,68150.13950892857,2267.7259114583335,-132.4590762566971,66889.45425407488,4342.33818629369,1
2024-03-20 00:00:00+00:00,61930.15625,68115.2578125,60807.78515625,67913.671875,66792634382,0.0,0.0,65491.390625,-7.073864996887123,52.43520703301856,67106.97610657018,67411.59263392857,642.1979166666666,-68.05817835308034,67035.77105706418,4765.928824858877,1
2024-03-21 00:00:00+00:00,67911.5859375,68199.9921875,64580.91796875,65491.390625,44480350565,0.0,0.0,63778.76171875,-8.270987192578778,46.223539578393385,66703.07973617763,66567.9921875,-898.451171875,-28.718515856192333,66815.14528105501,4602.092452557609,-1
2024-03-22 00:00:00+00:00,65489.9296875,66623.75,62355.37109375,63778.76171875,41401116964,0.0,0.0,64062.203125,-8.104763531071516,42.108789524251065,65972.00023182073,65764.41908482143,-1269.40625,-96.16815895767752,66381.37620072572,4554.41908879938,-1
2024-03-23 00:00:00+00:00,63802.72265625,65976.3984375,63038.4921875,64062.203125,24738964812,0.0,0.0,67234.171875,-1.9182604524818683,43.08701382672981,65494.55095511554,65585.43136160714,-3377.927734375,-66.67255016992533,66050.06576133633,4323.488683256612,1
2024-03-24 00:00:00+00:00,64070.75390625,67622.7578125,63825.8515625,67234.171875,27206630673,0.0,0.0,69958.8125,-1.6909527073337902,53.373577288230386,65929.45618508666,65420.22377232143,-4326.078776041667,47.73484082665269,66219.22377757399,4248.26262136281,1
2024-03-25 00:00:00+00:00,67234.09375,71162.59375,66414.8359375,69958.8125,42700139523,0.0,0.0,69987.8359375,3.5681257243049562,60.523825442510926,66936.795263815,65764.54073660714,-4011.408203125,181.30057966150733,66753.45073792056,4319.619077239551,1
2024-03-26 00:00:00+00:00,69931.328125,71535.7421875,69335.609375,69987.8359375,36010437368,0.0,0.0,69455.34375,13.042643790059982,60.5989157014239,67699.55543223626,66918.12109375,-4181.797526041667,137.11320850193388,67215.5057664319,4016.835325133901,-1
2024-03-27 00:00:00+00:00,69991.8984375,71727.6875,68381.9296875,69455.34375,40827113309,0.0,0.0,70744.953125,2.270046416924059,58.2281286030794,68138.50251167719,67138.35993303571,-3671.9537760416665,80.2240174469883,67535.48262122735,3920.9671090433435,1
2024-03-28 00:00:00+00:00,69452.7734375,71546.0234375,68895.5078125,70744.953125,34374900617,0.0,0.0,69892.828125,8.021760493805365,62.38598189995729,68790.11516500788,67888.86886160714,-1893.4765625,71.07955082966797,67993.9784074806,3739.4740398942945,1
2024-03-29 00:00:00+00:00,70744.796875,70913.09375,69076.65625,69892.828125,25230851763,0.0,0.0,69645.3046875,9.586367376042292,57.94011461214809,69065.79340500591,68762.30691964286,-299.4921875,47.56611138600253,68265.24265284052,3467.6116770522526,-1
2024-03-30 00:00:00+00:00,69893.4453125,70355.4921875,69601.0625,69645.3046875,17130241883,0.0,0.0,71333.6484375,8.715125753021782,56.57381865270486,69210.67122562943,69559.89285714286,757.8125,32.48818729950101,68462.39437207759,3080.0142499733593,1
2024-03-31 00:00:00+00:00,69647.78125,71377.78125,69624.8671875,71333.6484375,20050941373,0.0,0.0,69702.1484375,6.097311007446687,63.43531194513057,69741.41552859708,70145.53236607143,2848.7395833333335,129.27809951307356,68872.57352428079,2890.4285089057366,1
2024-04-01 00:00:00+00:00,71333.484375,71342.09375,68110.6953125,69702.1484375,34873527352,0.0,0.0,65446.97265625,-0.3668788153029327,53.84401322971479,69731.59875582281,70108.86607142857,3381.6119791666665,-86.56999089360423,68991.08422616925,2939.138498704917,-1
2024-04-02 00:00:00+00:00,69705.0234375,69708.3828125,64586.59375,65446.97265625,50705240709,0.0,0.0,65980.8125,-6.488074992495906,36.877702660392615,68660.4422309296,69460.17131696429,3365.6139322916665,-233.33333333333448,68484.78257332364,3250.9457221042144,-1
2024-04-03 00:00:00+00:00,65446.671875,66914.3203125,64559.8984375,65980.8125,34488018367,0.0,0.0,68508.84375,-5.002539851370328,39.6605636207524,67990.5347981972,68963.80970982143,2827.6497395833335,-132.4488111949623,68127.07256284883,3122.8708868036124,1
2024-04-04 00:00:00+00:00,65975.6953125,69291.2578125,65113.796875,68508.84375,34439527442,0.0,0.0,67837.640625,-3.1608040944616853,51.47892726022674,68120.1120361479,68644.36551339286,3318.3893229166665,-39.413426306740455,68181.61130387042,3273.526608331668,1
2024-04-05 00:00:00+00:00,68515.7578125,68725.7578125,66011.4765625,67837.640625,33748230056,0.0,0.0,68896.109375,-2.9404841027814683,48.53434562384591,68049.49418336092,68350.76729910714,3069.515625,-31.604680160833823,68132.47263546036,3193.634414284287,1
2024-04-06 00:00:00+00:00,67840.5703125,69629.6015625,67491.71875,68896.109375,19967785809,0.0,0.0,69362.5546875,-1.0757298225080005,53.43469886498799,68261.14798127068,68243.73939732143,1322.2526041666667,27.29138462173736,68241.56359825174,3042.8127568865316,1
2024-04-07 00:00:00+00:00,68897.109375,70284.4296875,68851.6328125,69362.5546875,21204930369,0.0,0.0,71631.359375,-2.7632033313521065,55.60782909870326,68536.49965782801,67962.15457589286,919.9596354166666,89.24697930401662,68401.70518243007,2812.8104880455985,1
2024-04-08 00:00:00+00:00,69362.5546875,72715.359375,69064.2421875,71631.359375,37261432669,0.0,0.0,69139.015625,2.7677926444833627,64.9026467206734,69310.21458712101,68237.75613839286,1290.0319010416667,142.4166155604322,68863.0843527972,2932.568587967656,-1
2024-04-09 00:00:00+00:00,71632.5,71742.5078125,68212.921875,69139.015625,36426900409,0.0,0.0,70587.8828125,5.6412738724247475,51.17116474393091,69267.41484659075,68765.19084821429,655.3671875,55.68618903701647,68902.50310596904,3017.8567807579907,-1
2024-04-10 00:00:00+00:00,69140.2421875,71093.4296875,67503.5625,70587.8828125,38318601774,0.0,0.0,70060.609375,6.9824394970886425,57.2984249454767,69597.53183806807,69423.34375,30.102864583333332,39.43785727563778,69143.27163547346,3099.572553149706,1
2024-04-11 00:00:00+00:00,70575.734375,71256.234375,69571.8125,70060.609375,30153382941,0.0,0.0,67195.8671875,2.265058845048746,54.40012098573458,69713.30122230106,69645.02455357143,-1.2578125,65.04353646255446,69274.31988397725,2897.4081705568906,-1
2024-04-12 00:00:00+00:00,70061.3828125,71222.7421875,65254.8359375,67195.8671875,44129299406,0.0,0.0,63821.47265625,-0.9460432756611662,41.192701750780444,69083.94271360079,69553.34263392857,-513.7708333333334,-148.77249184298088,68977.39807019479,3336.050753334478,-1
2024-04-13 00:00:00+00:00,67188.375,67931.4296875,60919.10546875,63821.47265625,52869738185,0.0,0.0,65738.7265625,-7.3656361219598985,30.88747398266475,67768.32519926308,68828.39453125,-1389.669921875,-191.27156709416224,68240.8372967741,3861.232676965267,-1
2024-04-14 00:00:00+00:00,63836.23046875,65824.4296875,62205.8515625,65738.7265625,49084320047,0.0,0.0,63426.2109375,-5.224473264179036,40.718271246024166,67260.92554007232,68310.70479910714,-1703.7135416666667,-106.44342805347416,67883.39290616351,3826.567740970229,-1
2024-04-15 00:00:00+00:00,65739.6484375,66878.6484375,62332.0703125,63426.2109375,43595917654,0.0,0.0,63811.86328125,-11.454687596454677,33.927284168968086,66302.24688942924,67138.54073660714,-1861.82421875,-81.26519928070469,67246.65262492586,3929.426367260196,-1
2024-04-16 00:00:00+00:00,63419.296875,64355.66796875,61716.40234375,63811.86328125,42847528078,0.0,0.0,61276.69140625,-7.70498725733051,36.003895413289484,65679.65098738443,66377.51897321429,-2760.4967447916665,-78.79565431711931,66755.96843297216,3745.117689794454,-1
2024-04-17 00:00:00+00:00,63831.84765625,64486.36328125,59768.5859375,61276.69140625,41915247049,0.0,0.0,63512.75390625,-13.190920360910917,29.011039806833598,64578.911092100825,65047.34877232143,-3923.2057291666665,-100.17672494013992,65973.21457201186,3884.0690689309604,-1
2024-04-18 00:00:00+00:00,61275.31640625,64125.6875,60833.48046875,63512.75390625,36006307335,0.0,0.0,63843.5703125,-9.345987034886535,40.835687527182685,64312.371795638115,64111.94084821428,-4130.801432291667,-68.80237031948154,65621.72019118874,3799.517349262252,1
2024-04-19 00:00:00+00:00,63510.75,65481.59765625,59651.390625,63843.5703125,49920425401,0.0,0.0,64994.44140625,-4.98884383119265,42.48916010651321,64195.171424853586,63633.041294642855,-4070.51953125,-36.811649148206236,65367.69877994749,4089.6158752605015,1
2024-04-20 00:00:00+00:00,63851.1015625,65442.45703125,63172.40234375,64994.44140625,23097485495,0.0,0.0,64926.64453125,1.837890448435354,48.34798933236101,64394.98892020269,63800.60825892857,-5225.298177083333,84.97574671088792,65314.37629799071,3829.678562723287,1
2024-04-21 00:00:00+00:00,64992.81640625,65723.2421875,64277.72265625,64926.64453125,20506644853,0.0,0.0,66837.6796875,-1.2353175574186497,48.01183461186942,64527.90282296452,63684.59654017857,-5501.593098958333,107.50241681379872,65258.98604559918,3489.0844153699604,1
2024-04-22 00:00:00+00:00,64935.6328125,67233.9609375,64548.1796875,66837.6796875,28282686673,0.0,0.0,66407.2734375,5.378641888858301,57.68667375877879,65105.347039098386,64171.94921875,-5343.796875,130.4036010745498,65484.51370872786,3374.326820317109,1
2024-04-23 00:00:00+00:00,66839.890625,67199.2421875,65864.8671875,66407.2734375,24310975583,0.0,0.0,64276.8984375,4.067284706623848,54.99738176901904,65430.82863869879,64542.72209821428,-4859.194661458333,100.9103512061044,65616.33652712389,3082.905131700379,-1
2024-04-24 00:00:00+00:00,66408.71875,67075.3671875,63589.87109375,64276.8984375,30276655120,0.0,0.0,64481.70703125,4.896163553216892,43.33207373648669,65142.34608839909,64971.32310267857,-4448.463541666667,16.335108493073207,65424.98822860619,3140.418126278896,-1
2024-04-25 00:00:00+00:00,64275.01953125,65275.20703125,62783.6328125,64481.70703125,32155786816,0.0,0.0,63755.3203125,1.525604017155757,44.64887299314043,64977.18632411182,65109.74497767857,-3418.59375,-56.342371868244896,65290.23377184103,3047.7261394890543,-1
2024-04-26 00:00:00+00:00,64485.37109375,64789.65625,63322.3984375,63755.3203125,24139372950,0.0,0.0,63419.140625,-0.138228484979828,40.732452443666006,64671.71982120886,65097.13783482143,-2643.0084635416665,-97.74429064824338,65070.96042050659,2821.9449499191896,-1
2024-04-27 00:00:00+00:00,63750.98828125,63898.36328125,62424.71875,63419.140625,19530783039,0.0,0.0,63113.23046875,-2.423746934608651,38.890523094262754,64358.57502215665,64872.09486607143,-1942.125,-117.61828078816615,64834.98616400565,2629.3306043950192,-1
2024-04-28 00:00:00+00:00,63423.515625,64321.484375,62793.59765625,63113.23046875,17334827993,0.0,0.0,63841.12109375,-2.7930198389155647,37.10904141200761,64047.23888380499,64613.03571428572,-1433.5299479166667,-76.24466966664458,64589.02106468341,2471.981477874302,1
2024-04-29 00:00:00+00:00,63106.36328125,64174.87890625,61795.45703125,63841.12109375,26635912073,0.0,0.0,60636.85546875,-4.483337254914337,44.20414199420548,63995.70943629124,64184.95591517857,-397.2356770833333,-72.9928952091649,64482.17821169292,2458.7586774636875,-1
2024-04-30 00:00:00+00:00,63839.41796875,64703.33203125,59120.06640625,60636.85546875,37840840057,0.0,0.0,58254.01171875,-8.68943666868193,27.987909135796478,63155.99594440593,63360.61049107143,-390.0572916666667,-180.8272213515633,63932.8463912725,2905.116812826018,-1
2024-05-01 00:00:00+00:00,60609.49609375,60780.5,56555.29296875,58254.01171875,48439780271,0.0,0.0,59123.43359375,-9.3702198848415,21.230725919020053,61930.499887991944,62500.19810267857,-1431.689453125,-183.66223993759945,63121.584295197856,3093.70112974373,-1
2024-05-02 00:00:00+00:00,58253.703125,59602.296875,56937.203125,59123.43359375,32711813559,0.0,0.0,62889.8359375,-8.309757424540887,28.571602669059917,61228.73331443146,61734.73046875,-2079.623046875,-111.20470819023542,62550.41990927673,3032.4715040660544,1
2024-05-03 00:00:00+00:00,59122.30078125,63320.50390625,58848.3125,62889.8359375,33172023048,0.0,0.0,63891.47265625,-1.3575092568867722,51.44275568315649,61644.0089701986,61611.08984375,-2417.9127604166665,9.263537222582283,62598.90791330863,3238.145775806618,1
2024-05-04 00:00:00+00:00,62891.03125,64494.95703125,62599.3515625,63891.47265625,20620477992,0.0,0.0,64031.1328125,0.7447783533411764,55.83076320930558,62205.87489171145,61678.56584821428,-2792.5084635416665,83.92379084320699,62783.56001944311,3046.3543033699584,1
2024-05-05 00:00:00+00:00,63892.453125,64610.890625,62955.3046875,64031.1328125,18296164805,0.0,0.0,63161.94921875,1.4543738879037287,56.470652098534735,62662.189371908586,61809.69475446428,-3615.9368489583335,86.5085329554921,62961.784704165526,2847.6731082456786,-1
2024-05-06 00:00:00+00:00,64038.3125,65494.90234375,62746.23828125,63161.94921875,28697928697,0.0,0.0,62334.81640625,-1.063847036775315,51.09592154737863,62787.12933361894,61712.670200892855,-3322.4453125,78.30414591523446,62990.37963482045,2833.528958853439,-1
2024-05-07 00:00:00+00:00,63162.76171875,64390.45703125,62285.98046875,62334.81640625,25930730982,0.0,0.0,61187.94140625,2.8002127161344417,46.21270683373126,62674.051101776706,61955.236049107145,-2748.6673177083335,38.58394036678718,62896.72774502467,2729.378616517233,-1
2024-05-08 00:00:00+00:00,62332.640625,62986.0859375,60877.12890625,61187.94140625,26088172222,0.0,0.0,63049.9609375,5.036442299742366,40.02489114209618,62302.52367789503,62374.368861607145,-2198.0625,-29.55098461043777,62652.615410914004,2640.7469614790566,1
2024-05-09 00:00:00+00:00,61191.19921875,63404.9140625,60648.07421875,63049.9609375,25453338161,0.0,0.0,60792.77734375,6.641236993659782,52.158626920610956,62489.38299279627,62935.30133928572,-1920.1243489583333,-40.69689797512542,62709.379057569146,2657.3316589463343,-1
2024-05-10 00:00:00+00:00,63055.19140625,63446.7421875,60208.78125,60792.77734375,27804954694,0.0,0.0,60793.7109375,-3.3344952526733564,40.55492562785885,62065.2315805347,62635.72154017857,-1815.83203125,-106.11674254538912,62435.57881273784,2740.2786987397153,-1
2024-05-11 00:00:00+00:00,60793.35546875,61451.15234375,60492.625,60793.7109375,13842272968,0.0,0.0,61448.39453125,-4.848474436356525,40.561306462437706,61747.35141977602,62193.18415178572,-1927.7102864583333,-107.2557853844296,62201.026259132435,2485.7427908840414,1
2024-05-12 00:00:00+00:00,60793.50390625,61818.15625,60632.6015625,61448.39453125,13800459405,0.0,0.0,62901.44921875,-4.03356643527288,45.359691208674306,61672.612197644514,61824.22154017857,-1606.62890625,-61.90595591161336,62093.50744086352,2300.0016332577497,1
2024-05-13 00:00:00+00:00,61451.21875,63422.66015625,60769.83984375,62901.44921875,27889181179,0.0,0.0,61552.7890625,-0.4124318568728861,54.80675108746638,61979.821452920885,61787.00725446428,-474.2408854166667,54.16985377899394,62208.9276948473,2350.4043017209283,1
2024-05-14 00:00:00+00:00,62900.7734375,63092.125,61123.765625,61552.7890625,28186271527,0.0,0.0,66267.4921875,-1.2545594722752564,46.163961328542435,61873.063355315666,61675.2890625,358.5481770833333,31.743239459947894,62115.19360451197,2295.82645504651,1
2024-05-15 00:00:00+00:00,61553.98828125,66454.453125,61330.41015625,66267.4921875,39815167074,0.0,0.0,65231.58203125,8.301555281170405,67.23626182895083,62971.67056336175,62400.939174107145,983.0208333333334,199.0541691913809,62708.37911636741,2699.85738557558,1
2024-05-16 00:00:00+00:00,66256.109375,66712.4296875,64613.0546875,65231.58203125,31573077994,0.0,0.0,67051.875,3.4601466223152646,61.10525314318493,63536.648430333815,62712.599330357145,1593.1145833333333,136.11959709305629,63068.836675636354,2614.0741876362113,1
2024-05-17 00:00:00+00:00,65231.296875,67459.4609375,65119.31640625,67051.875,28031279310,0.0,0.0,66940.8046875,10.29579158862609,67.23098222642629,64415.45507275036,63606.756138392855,2604.4733072916665,110.84240825054196,63637.842150545446,2574.9413795810383,1
2024-05-18 00:00:00+00:00,67066.2109375,67387.328125,66663.5,66940.8046875,16712277406,0.0,0.0,66278.3671875,10.11139747056998,66.48556794123996,65046.79247643777,64484.912388392855,3099.0260416666665,93.79275563141886,64109.69394153896,2310.4966289266044,-1
2024-05-19 00:00:00+00:00,66937.9296875,67694.296875,65937.1796875,66278.3671875,19249094538,0.0,0.0,71448.1953125,7.860209681790278,61.72373496462804,65354.68615420333,65174.908482142855,2981.7115885416665,66.75775840377963,64419.50440524768,2231.442423008518,1
2024-05-20 00:00:00+00:00,66278.7421875,71483.5625,66086.171875,71448.1953125,43850655717,0.0,0.0,70136.53125,13.587518570561551,76.83197283696704,66878.0634437775,66395.87220982143,4286.861328125,146.28098691160537,65423.60310628372,2683.7207375787298,1
2024-05-21 00:00:00+00:00,71443.0625,71946.4609375,69191.125,70136.53125,46932005990,0.0,0.0,69122.3359375,13.945334270367775,68.79430502934085,67692.68039533313,67622.12109375,4905.013671875,132.12729305964112,66096.87855538605,2693.9514804246255,-1
2024-05-22 00:00:00+00:00,70135.3203125,70623.6953125,68977.6953125,69122.3359375,32802561717,0.0,0.0,67929.5625,4.308060642950523,62.862018001752496,68050.09428087485,68029.95591517857,6069.921875,65.3676895379369,66529.0867528309,2544.2441260782507,-1
2024-05-23 00:00:00+00:00,69121.3046875,70041.2734375,66356.953125,67929.5625,41895680979,0.0,0.0,68526.1015625,4.136003427691665,56.21119163489096,68019.96133565615,68415.38169642857,6755.7734375,-8.233921554627594,66729.1547167122,2707.112152709929,-1
2024-05-24 00:00:00+00:00,67928.1328125,69220.296875,66622.671875,68526.1015625,29197308153,0.0,0.0,69265.9453125,2.1986358509735933,58.75721835960001,68146.49639236712,68625.98549107143,7305.58203125,-21.47188925886766,66985.86140896761,2691.4711308942246,1
2024-05-25 00:00:00+00:00,68526.921875,69579.3203125,68515.8203125,69265.9453125,15473071741,0.0,0.0,68518.09375,3.473427957513302,61.95769434906541,68426.35862240034,68958.1484375,7709.072916666667,20.439966247239838,67311.5876809008,2458.903826480764,-1
2024-05-26 00:00:00+00:00,69264.2890625,69506.2265625,68183.890625,68518.09375,15628433737,0.0,0.0,69394.5546875,3.3792723893813865,56.76306408972161,68449.29240430026,69278.109375,7159.914713541667,-36.87527331488385,67483.94569077212,2296.536985197798,1
2024-05-27 00:00:00+00:00,68512.1796875,70597.8828125,68232.5,69394.5546875,25870990717,0.0,0.0,68296.21875,-2.874307204006749,61.20983696070235,68685.6079751002,68984.73214285714,6499.996744791667,35.07884967019462,67756.88983316181,2306.372103383827,-1
2024-05-28 00:00:00+00:00,69392.1953125,69514.640625,67227.15625,68296.21875,32722265965,0.0,0.0,67578.09375,-2.6239000806017194,53.209174023320195,68588.26066882515,68721.83035714286,5622.509765625,-56.05232065149084,67833.93682128155,2303.6738564718516,-1
2024-05-29 00:00:00+00:00,68296.3515625,68852.4609375,67101.4921875,67578.09375,26707072906,0.0,0.0,68364.9921875,-2.2340711819928867,48.38495784982826,68335.71893911887,68501.22433035714,4520.904296875,-94.56251817335392,67797.38781109847,2224.71598411873,1
2024-05-30 00:00:00+00:00,67576.0859375,69500.5390625,67118.078125,68364.9921875,29509712534,0.0,0.0,67491.4140625,0.6410017545748216,53.74606353902163,68343.03725121415,68563.42857142857,3578.6510416666665,-33.74566653765985,67878.4741505844,2247.2509774589116,-1
2024-05-31 00:00:00+00:00,68362.515625,68999.5625,66633.421875,67491.4140625,27387283769,0.0,0.0,67706.9375,-1.5099173547123523,47.37312184554251,68130.13145403561,68415.61607142857,2720.076171875,-104.291939167374,67823.17985228663,2264.235212821924,-1
2024-06-01 00:00:00+00:00,67489.609375,67839.765625,67386.1953125,67706.9375,11641495604,0.0,0.0,67751.6015625,-2.250756566544188,49.10998424571146,68024.3329655267,68192.90066964286,935.6490885416666,-90.07431337843923,67806.57380195997,2005.5687984902204,1
2024-06-02 00:00:00+00:00,67710.2734375,68409.1640625,67315.5234375,67751.6015625,17110588415,0.0,0.0,68804.78125,-1.1186712086542834,49.51283970772238,67956.15011477002,68083.40178571429,16.983723958333332,-48.18796540546016,67798.72062489425,1875.2933451344745,1
2024-06-03 00:00:00+00:00,67753.8984375,70230.8203125,67589.8359375,68804.78125,32401285324,0.0,0.0,70567.765625,-0.8498843175172583,58.54146559296962,68168.3078985775,67999.1484375,-546.71484375,141.9639942998281,67942.44357133794,1984.6777779724068,1
2024-06-04 00:00:00+00:00,68804.5703125,71047.40625,68564.640625,70567.765625,33149696545,0.0,0.0,71082.8203125,3.3260214351178847,69.27285038190651,68768.17233018312,68323.65513392857,-194.71744791666666,177.11782730732247,68317.48957900394,2055.8331846906344,1
2024-06-05 00:00:00+00:00,70568.3515625,71735.4140625,70390.7109375,71082.8203125,32810771409,0.0,0.0,70757.1640625,5.1861873693352,71.76398341564592,69346.83432576235,68824.33035714286,-5.962239583333333,146.18553444508427,68712.53682664623,1954.243176163401,1
2024-06-06 00:00:00+00:00,71082.84375,71625.734375,70119.125,70757.1640625,25223152007,0.0,0.0,69342.5859375,3.499118186745569,67.714415887869,69699.41675994676,69166.06919642857,40.399739583333336,87.02661199579507,69004.62643176819,1890.2954902829151,-1
2024-06-07 00:00:00+00:00,70759.1875,71907.8515625,68507.2578125,69342.5859375,36188381096,0.0,0.0,69305.7734375,2.7428257367459126,52.656404552876445,69610.20905433508,69430.52232142857,801.3580729166666,26.470069377253346,69052.90636115846,2106.0523845282128,-1
2024-06-08 00:00:00+00:00,69324.1796875,69533.3203125,69210.7421875,69305.7734375,14262185861,0.0,0.0,69647.9921875,2.3614063736083173,52.30327785437262,69534.10015012631,69658.92745535714,1184.0494791666667,-27.0225766805109,69089.03022920724,1851.2703474527536,1
2024-06-09 00:00:00+00:00,69297.4921875,69817.5234375,69160.84375,69647.9921875,13534028500,0.0,0.0,69512.28125,2.7990343862950655,55.53721304131834,69562.57315946973,69929.84040178571,1462.2708333333333,-45.02945160301875,69168.88193753478,1680.6145388880745,1
2024-06-10 00:00:00+00:00,69644.3125,70146.0703125,69232.421875,69512.28125,20597699541,0.0,0.0,67332.03125,1.0282715636131754,53.84805366742419,69550.00018210229,70030.91183035714,1344.9348958333333,-55.74325525017771,69217.93898217267,1571.0479529754925,-1
2024-06-11 00:00:00+00:00,69508.078125,69549.4140625,66123.6015625,67332.03125,37116136345,0.0,0.0,68241.1875,-4.585286704690106,34.296691905543035,68995.50794907671,69568.6640625,746.6549479166666,-178.68287948948245,68948.52359186228,1836.0143168361367,-1
2024-06-12 00:00:00+00:00,67321.375,69977.890625,66902.453125,68241.1875,34497940694,0.0,0.0,66756.3984375,-3.9976365597304464,44.16017052821502,68806.92783680753,69162.71651785714,623.0807291666666,-85.25178075249069,68847.47557873909,2013.0747715738314,-1
2024-06-13 00:00:00+00:00,68243.1015625,68365.78125,66304.5625,66756.3984375,28955204146,0.0,0.0,66011.09375,-5.654219863116776,34.3382916016,68294.29548698064,68591.17857142857,327.2421875,-120.14608468456726,68548.7502728478,2019.9524827775697,-1
2024-06-14 00:00:00+00:00,66747.5703125,67294.6484375,65056.89453125,66011.09375,27403884779,0.0,0.0,66191.0,-4.804395657385416,30.381131177614385,67723.49505273548,68115.25111607143,51.954427083333336,-129.64925629683654,68186.22791244097,2051.06697184506,-1
2024-06-15 00:00:00+00:00,66006.7421875,66402.1875,65871.7734375,66191.0,14121265576,0.0,0.0,66639.046875,-4.494248145587618,32.56950010721132,67340.37128955161,67670.28348214286,-608.9713541666666,-93.15243967646819,67901.19535352083,1833.8308419386228,1
2024-06-16 00:00:00+00:00,66189.359375,66894.84375,66018.25,66639.046875,13281140541,0.0,0.0,66490.296875,-4.320218312108109,38.21259703625918,67165.0401859137,67240.43415178571,-1586.1223958333333,-56.133955256768154,67720.88842801786,1697.082685947391,1
2024-06-17 00:00:00+00:00,66636.515625,67188.3203125,65094.96484375,66490.296875,30006354476,0.0,0.0,65140.74609375,-4.347410731826615,37.01283853802885,66996.35435818529,66808.72209821429,-2179.3828125,-58.78995817552068,67545.0896347296,1753.693083490621,-1
2024-06-18 00:00:00+00:00,66490.9765625,66556.703125,64066.95703125,65140.74609375,39481285950,0.0,0.0,64960.296875,-3.2544468294946918,27.78058514989158,66532.45229207646,66495.68136160714,-3240.4147135416665,-124.28555518910429,67201.61198601822,1858.8435135276752,-1
2024-06-19 00:00:00+00:00,65146.66015625,65695.3515625,64693.30078125,64960.296875,21103423504,0.0,0.0,64828.65625,-4.807786536539974,26.74011146439811,66139.41343780735,66026.98270089286,-3812.373046875,-125.69193124157495,66881.42411301562,1736.4445517737217,-1
2024-06-20 00:00:00+00:00,64960.296875,66438.9609375,64547.84765625,64828.65625,25641109124,0.0,0.0,64096.19921875,-2.8877264691036757,25.914060395528992,65811.72414085551,65751.59095982143,-4268.474609375,-70.31207902714205,66588.17156115624,1758.540084556047,-1
2024-06-21 00:00:00+00:00,64837.98828125,65007.546875,63378.89453125,64096.19921875,26188171739,0.0,0.0,64252.578125,-2.900867751869359,21.585489023428792,65382.842910329135,65478.03459821428,-4758.143229166667,-137.45651525851997,66232.17551224107,1739.984693012326,-1
2024-06-22 00:00:00+00:00,64113.86328125,64475.46875,63929.7578125,64252.578125,9858198793,0.0,0.0,63180.796875,-2.9285278587723407,24.717657047192322,65100.27671399685,65201.1171875,-4979.973958333333,-106.36109237795036,65949.37588549234,1569.3741565105652,-1
2024-06-23 00:00:00+00:00,64248.96484375,64491.703125,63180.796875,63180.796875,11170471802,0.0,0.0,60277.4140625,-5.189525003991888,18.734133574011036,64620.40675424764,64707.08147321428,-4906.42578125,-112.9643512542007,65553.86459827915,1532.4501698661988,-1
2024-06-24 00:00:00+00:00,63173.3515625,63292.52734375,58601.69921875,60277.4140625,43152133651,0.0,0.0,61804.640625,-9.344044326016554,10.613888317141168,63534.65858131073,63819.52678571428,-5297.651692708333,-206.39802176016292,64800.0859503107,1983.647020599599,-1
2024-06-25 00:00:00+00:00,60266.28125,62258.26171875,60239.75,61804.640625,29201215431,0.0,0.0,60811.27734375,-5.121380501151623,29.394851520583913,63102.154092233046,63342.94029017857,-5392.563151041667,-99.59541415131316,64372.165189552026,1988.627691763942,1
2024-06-26 00:00:00+00:00,61789.67578125,62434.13671875,60695.1875,60811.27734375,22506003064,0.0,0.0,61604.80078125,-6.387008266347305,25.352612758639587,62529.434905112284,62750.22321428572,-5513.013020833333,-71.04491678786734,63863.46692586602,1952.9593384762359,-1
2024-06-27 00:00:00+00:00,60811.2265625,62293.86328125,60585.33203125,61604.80078125,21231745045,0.0,0.0,60320.13671875,-4.972886459836193,33.83256552139791,62298.27637414671,62289.67243303572,-5352.080729166667,-45.841714786081376,63540.80033377802,1918.0410401224879,-1
2024-06-28 00:00:00+00:00,61612.8046875,62126.09765625,59985.40234375,60320.13671875,24952866877,0.0,0.0,60887.37890625,-5.891242454350385,27.8557450969144,61803.74146029753,61750.23493303572,-5528.615234375,-67.04960217043087,63080.70553163115,1949.8487933192753,-1
2024-06-29 00:00:00+00:00,60319.875,61097.62109375,60300.96484375,60887.37890625,12652903396,0.0,0.0,62678.29296875,-5.237453993212821,33.87352609601962,61574.650821785646,61269.4921875,-5770.5625,-72.72227003201543,62767.3731565767,1785.1070014165216,1
2024-06-30 00:00:00+00:00,60888.4453125,62892.828125,60632.94921875,62678.29296875,17333226409,0.0,0.0,62851.98046875,-0.7953427799338753,49.41547058602828,61850.561358526735,61197.70591517857,-4853.67578125,140.5246100807838,62754.647415458596,1852.9315592498756,1
2024-07-01 00:00:00+00:00,62673.60546875,63777.2265625,62495.51171875,62851.98046875,25468379421,0.0,0.0,62029.015625,4.271195847221486,50.72582847114706,62100.91613608255,61565.50111607143,-4379.768880208333,173.79131075067272,62768.552137357365,1771.329171321322,-1
2024-07-02 00:00:00+00:00,62844.41015625,63203.359375,61752.74609375,62029.015625,20151616992,0.0,0.0,60173.921875,0.3630390820673104,44.37193295618276,62082.941008311915,61597.5546875,-3979.7395833333335,62.93395870071918,62662.90406416346,1725.5126155968476,-1
2024-07-03 00:00:00+00:00,62034.33203125,62187.703125,59419.38671875,60173.921875,29756701685,0.0,0.0,56977.703125,-1.0480876189250208,33.37705708820492,61605.68622498393,61506.50390625,-3869.0859375,-86.31488007695823,62307.33517999725,1874.4845856901552,-1
2024-07-04 00:00:00+00:00,60147.13671875,60399.67578125,56777.8046875,56977.703125,41149609230,0.0,0.0,56662.375,-7.510936806175503,22.279884510770827,60448.690449987946,60845.489955357145,-4028.4134114583335,-170.75196939279112,61545.9591721405,2124.1112296987044,-1
2024-07-05 00:00:00+00:00,57022.80859375,57497.15234375,53717.375,56662.375,55417544033,0.0,0.0,58303.5390625,-6.063914834617767,21.458700071462665,59502.11158749096,60322.95256696428,-4180.997395833333,-152.62188900890627,60848.30429040614,2360.634960277461,1
2024-07-06 00:00:00+00:00,56659.07421875,58472.546875,56038.9609375,58303.5390625,20610320577,0.0,0.0,55849.109375,-4.243637828010975,35.821886637329335,59202.46845624322,59953.83258928572,-4099.567708333333,-66.44777182556855,60484.76640070526,2371.0565284521094,-1
2024-07-07 00:00:00+00:00,58239.4296875,58371.12109375,55793.32421875,55849.109375,20553359505,0.0,0.0,56705.09765625,-10.895611973917156,27.15674270714466,58364.12868593242,58978.23493303572,-4740.770182291667,-69.42287172570988,59822.529682747365,2400.590863673237,-1
2024-07-08 00:00:00+00:00,55849.57421875,58131.3359375,54321.01953125,56705.09765625,39766159899,0.0,0.0,58009.2265625,-9.779934962520759,33.68371170640468,57949.37092851181,58100.10881696428,-4958.526692708333,-66.46684134482355,59377.18225039059,2601.980226898489,1
2024-07-09 00:00:00+00:00,56704.59765625,58239.1953125,56316.875,58009.2265625,27849512607,0.0,0.0,57742.49609375,-6.48049791214142,42.79456360554571,57964.33483700886,57525.853236607145,-4904.076171875,-1.2479855752422975,59181.760009263366,2504.8859534129906,1
2024-07-10 00:00:00+00:00,58033.8828125,59359.43359375,57178.4140625,57742.49609375,26175260526,0.0,0.0,57344.9140625,-4.0406636388115595,41.436195286721336,57908.875151194145,57178.50669642857,-4121.203776041667,83.67786017349789,58976.150878475746,2458.6193216754205,-1
2024-07-11 00:00:00+00:00,57729.890625,59299.43359375,57120.37890625,57344.9140625,28707803842,0.0,0.0,57899.46484375,0.6444818189571414,39.268613850781676,57767.88487902061,57230.96540178572,-3625.2109375,71.1396002507344,58743.117047622065,2418.6815167932177,1
2024-07-12 00:00:00+00:00,57341.1953125,58532.5546875,56590.17578125,57899.46484375,25604805221,0.0,0.0,59231.953125,2.183265074487259,44.0328179179228,57800.779870202954,57407.69252232143,-4092.703125,34.87856549921903,58622.59530421177,2350.638286715615,1
2024-07-13 00:00:00+00:00,57908.73828125,59787.078125,57796.44140625,59231.953125,17080061806,0.0,0.0,60787.79296875,1.5923802867348453,54.121896126538374,58158.57318390222,57540.32310267857,-3703.4524739583335,140.3370774331066,58709.64642146723,2299.2094912919556,1
2024-07-14 00:00:00+00:00,59225.25,61329.52734375,59225.25,60787.79296875,22223416061,0.0,0.0,64870.15234375,8.84290483593768,63.16683049465758,58815.878130114164,58245.849330357145,-3225.9596354166665,173.3622554360031,59006.52449965048,2271.362041643105,1
2024-07-15 00:00:00+00:00,60815.45703125,64870.15234375,60704.9296875,64870.15234375,38094526099,0.0,0.0,65097.1484375,14.399154617450964,77.02983189322899,60329.44668352312,59412.28571428572,-1843.9921875,179.64240660631665,59844.18562023613,2541.913558015519,1
2024-07-16 00:00:00+00:00,64784.41796875,65354.33984375,62487.96875,65097.1484375,41617346768,0.0,0.0,64118.79296875,12.218611236547634,77.57730147371196,61521.37212201734,60424.845982142855,-61.14453125,124.20030948708838,60594.608879845255,2588.264634549016,-1
2024-07-17 00:00:00+00:00,65091.83203125,66066.734375,63896.0859375,64118.79296875,32525071311,0.0,0.0,63974.06640625,11.042641566182944,69.27501813999204,62170.7273337005,61335.74553571428,1772.0026041666667,91.11748240486305,61098.063749688794,2528.6051778277283,-1
2024-07-18 00:00:00+00:00,64104.73828125,65104.66015625,63246.1640625,63974.06640625,27239305337,0.0,0.0,66710.15625,11.560139991708615,68.0187285780603,62621.56210183787,62282.767299107145,3513.5618489583335,57.246156497311674,61508.92127205468,2432.875308673767,1
2024-07-19 00:00:00+00:00,63972.32421875,67442.640625,63329.34375,66710.15625,37003855410,0.0,0.0,67163.6484375,15.217224252464012,77.15596431632471,63643.7106388784,63541.4375,5927.07421875,92.42604854370708,62251.95484033258,2672.9355324346575,1
2024-07-20 00:00:00+00:00,66709.921875,67610.734375,66299.6171875,67163.6484375,19029581250,0.0,0.0,68154.5234375,13.390906249134428,78.35194517501077,64523.6950885338,64674.536830357145,7877.036458333333,134.5543208375165,62953.62535421364,2478.390054586849,1
2024-07-21 00:00:00+00:00,67164.9140625,68372.90625,65842.296875,68154.5234375,26652190004,0.0,0.0,67585.25,12.118766135393523,80.90088971775802,65431.40217577535,65726.92689732143,8785.214192708334,113.46604578485685,63696.61079468312,2485.8499575030137,1
2024-07-22 00:00:00+00:00,68152.9765625,68480.0625,66611.296875,67585.25,42649109453,0.0,0.0,65927.671875,4.18543437644877,74.98317314542106,65969.8641318315,66114.79799107143,9072.432291666666,88.83783268549892,64252.13068115696,2397.695052859726,-1
2024-07-23 00:00:00+00:00,67584.8046875,67779.015625,65484.4609375,65927.671875,35605668666,0.0,0.0,65372.1328125,1.2758215335613179,60.05931495248711,65959.31606762363,66233.44419642857,9260.155598958334,14.914749533077277,64491.49370884882,2382.9607149511935,-1
2024-07-24 00:00:00+00:00,65927.859375,67113.984375,65146.99609375,65372.1328125,27470942309,0.0,0.0,65777.2265625,1.95471528037162,55.72282995993797,65812.52025384273,66412.49274553571,9560.512369791666,-32.86234009141331,64617.299295084704,2323.5360815653085,-1
2024-07-25 00:00:00+00:00,65375.875,66112.421875,63473.47265625,65777.2265625,38315761670,0.0,0.0,67545.5234375,2.8185798676599974,58.2851639923994,65803.69683100705,66670.08705357143,8841.216796875,-118.81869836202009,64783.00319042975,2368.595101163122,1
2024-07-26 00:00:00+00:00,65783.671875,67911.0859375,65783.671875,67545.5234375,33800523776,0.0,0.0,,1.2522338942955182,67.78068195681078,66239.1534826303,66789.42522321429,8224.413411458334,39.9618723226727,65177.64894001121,2335.0614259969616,-1
